product_id,name,number,card_url,raw_title,year,family,kind,cc_total,scp_total,cc_only,scp_only,ok,completeness
9191495.0,Alex Mooney,CPA-AM,https://www.sportscardspro.com/game/baseball-cards-2025-bowman-chrome-prospect-autograph/alex-mooney-cpa-am,Alex Mooney #CPA-AM,2025.0,chrome,number_collision,,,,,,
9191782.0,Esmith Pineda,CPA-EP,https://www.sportscardspro.com/game/baseball-cards-2025-bowman-chrome-prospect-autograph/esmith-pineda-cpa-ep,Esmith Pineda #CPA-EP,2025.0,chrome,number_collision,,,,,,
9191840.0,Dylan Fien,CPA-DF,https://www.sportscardspro.com/game/baseball-cards-2025-bowman-chrome-prospect-autograph/dylan-fien-cpa-df,Dylan Fien #CPA-DF,2025.0,chrome,number_collision,,,,,,
9192109.0,Chen-Wei Lin,CPA-CL,https://www.sportscardspro.com/game/baseball-cards-2025-bowman-chrome-prospect-autograph/chen-wei-lin-cpa-cl,Chen-Wei Lin #CPA-CL,2025.0,chrome,number_collision,,,,,,
9192254.0,Humberto Cruz,CPA-HC,https://www.sportscardspro.com/game/baseball-cards-2025-bowman-chrome-prospect-autograph/humberto-cruz-cpa-hc,Humberto Cruz #CPA-HC,2025.0,chrome,number_collision,,,,,,
9192278.0,Cameron Sullivan,CPA-CS,https://www.sportscardspro.com/game/baseball-cards-2025-bowman-chrome-prospect-autograph/cameron-sullivan-cpa-cs,Cameron Sullivan #CPA-CS,2025.0,chrome,number_collision,,,,,,
9192840.0,Josue Briceno,CPA-JB,https://www.sportscardspro.com/game/baseball-cards-2025-bowman-chrome-prospect-autograph/josue-briceno-cpa-jb,Josue Briceno #CPA-JB,2025.0,chrome,number_collision,,,,,,
9193133.0,Kyle DeBarge,CPA-KD,https://www.sportscardspro.com/game/baseball-cards-2025-bowman-chrome-prospect-autograph/kyle-debarge-cpa-kd,Kyle DeBarge #CPA-KD,2025.0,chrome,number_collision,,,,,,
9193281.0,Jesus Tillero,CPA-JT,https://www.sportscardspro.com/game/baseball-cards-2025-bowman-chrome-prospect-autograph/jesus-tillero-cpa-jt,Jesus Tillero #CPA-JT,2025.0,chrome,number_collision,,,,,,
9193645.0,Naibel Mariano,CPA-NM,https://www.sportscardspro.com/game/baseball-cards-2025-bowman-chrome-prospect-autograph/naibel-mariano-cpa-nm,Naibel Mariano #CPA-NM,2025.0,chrome,number_collision,,,,,,
9193712.0,Richard Matic,CPA-RM,https://www.sportscardspro.com/game/baseball-cards-2025-bowman-chrome-prospect-autograph/richard-matic-cpa-rm,Richard Matic #CPA-RM,2025.0,chrome,number_collision,,,,,,
9193926.0,Winston Santos,CPA-WS,https://www.sportscardspro.com/game/baseball-cards-2025-bowman-chrome-prospect-autograph/winston-santos-cpa-ws,Winston Santos #CPA-WS,2025.0,chrome,number_collision,,,,,,
10450475.0,Anyelo Marquez,CPA-AM,https://www.sportscardspro.com/game/baseball-cards-2025-bowman-chrome-prospect-autograph/anyelo-marquez-cpa-am,Anyelo Marquez #CPA-AM,2025.0,chrome,number_collision,,,,,,
10450837.0,Carlos Lagrange,CPA-CL,https://www.sportscardspro.com/game/baseball-cards-2025-bowman-chrome-prospect-autograph/carlos-lagrange-cpa-cl,Carlos Lagrange #CPA-CL,2025.0,chrome,number_collision,,,,,,
10450882.0,Cade Smith,CPA-CS,https://www.sportscardspro.com/game/baseball-cards-2025-bowman-chrome-prospect-autograph/cade-smith-cpa-cs,Cade Smith #CPA-CS,2025.0,chrome,number_collision,,,,,,
10451049.0,Devin Fitz-Gerald,CPA-DF,https://www.sportscardspro.com/game/baseball-cards-2025-bowman-chrome-prospect-autograph/devin-fitz-gerald-cpa-df,Devin Fitz-Gerald #CPA-DF,2025.0,chrome,number_collision,,,,,,
10451285.0,Elian Pena,CPA-EP,https://www.sportscardspro.com/game/baseball-cards-2025-bowman-chrome-prospect-autograph/elian-pena-cpa-ep,Elian Pena #CPA-EP,2025.0,chrome,number_collision,,,,,,
10451476.0,Haritzon Castillo,CPA-HC,https://www.sportscardspro.com/game/baseball-cards-2025-bowman-chrome-prospect-autograph/haritzon-castillo-cpa-hc,Haritzon Castillo #CPA-HC,2025.0,chrome,number_collision,,,,,,
10451775.0,Justice Bigbie,CPA-JB,https://www.sportscardspro.com/game/baseball-cards-2025-bowman-chrome-prospect-autograph/justice-bigbie-cpa-jb,Justice Bigbie #CPA-JB,2025.0,chrome,number_collision,,,,,,
10451917.0,Juan Tomas,CPA-JT,https://www.sportscardspro.com/game/baseball-cards-2025-bowman-chrome-prospect-autograph/juan-tomas-cpa-jt,Juan Tomas #CPA-JT,2025.0,chrome,number_collision,,,,,,
10452004.0,Kevin Defrank,CPA-KD,https://www.sportscardspro.com/game/baseball-cards-2025-bowman-chrome-prospect-autograph/kevin-defrank-cpa-kd,Kevin Defrank #CPA-KD,2025.0,chrome,number_collision,,,,,,
10452603.0,Nestor Miranda,CPA-NM,https://www.sportscardspro.com/game/baseball-cards-2025-bowman-chrome-prospect-autograph/nestor-miranda-cpa-nm,Nestor Miranda #CPA-NM,2025.0,chrome,number_collision,,,,,,
10452628.0,Raymer Medina,CPA-RM,https://www.sportscardspro.com/game/baseball-cards-2025-bowman-chrome-prospect-autograph/raymer-medina-cpa-rm,Raymer Medina #CPA-RM,2025.0,chrome,number_collision,,,,,,
10452872.0,Shotaro Morii,CPA-SM,https://www.sportscardspro.com/game/baseball-cards-2025-bowman-chrome-prospect-autograph/shotaro-morii-cpa-sm,Shotaro Morii #CPA-SM,2025.0,chrome,number_collision,,,,,,
10452996.0,Sabier Marte,CPA-SM,https://www.sportscardspro.com/game/baseball-cards-2025-bowman-chrome-prospect-autograph/sabier-marte-cpa-sm,Sabier Marte #CPA-SM,2025.0,chrome,number_collision,,,,,,
10453179.0,Warel Solano,CPA-WS,https://www.sportscardspro.com/game/baseball-cards-2025-bowman-chrome-prospect-autograph/warel-solano-cpa-ws,Warel Solano #CPA-WS,2025.0,chrome,number_collision,,,,,,
6687535.0,Agustin Ramirez,CPA-AR,https://www.sportscardspro.com/game/baseball-cards-2024-bowman-chrome-prospects-autograph/agustin-ramirez-cpa-ar,Agustin Ramirez #CPA-AR,2024.0,chrome,number_collision,,,,,,
6687537.0,Anthony Scull,CPA-AS,https://www.sportscardspro.com/game/baseball-cards-2024-bowman-chrome-prospects-autograph/anthony-scull-cpa-as,Anthony Scull #CPA-AS,2024.0,chrome,number_collision,,,,,,
6687543.0,Brice Matthews,CPA-BM,https://www.sportscardspro.com/game/baseball-cards-2024-bowman-chrome-prospects-autograph/brice-matthews-cpa-bm,Brice Matthews #CPA-BM,2024.0,chrome,number_collision,,,,,,
6687554.0,Diego Benitez,CPA-DB,https://www.sportscardspro.com/game/baseball-cards-2024-bowman-chrome-prospects-autograph/diego-benitez-cpa-db,Diego Benitez #CPA-DB,2024.0,chrome,number_collision,,,,,,
6687558.0,Erick Bautista,CPA-EB,https://www.sportscardspro.com/game/baseball-cards-2024-bowman-chrome-prospects-autograph/erick-bautista-cpa-eb,Erick Bautista #CPA-EB,2024.0,chrome,number_collision,,,,,,
6687561.0,Estuar Suero,CPA-ES,https://www.sportscardspro.com/game/baseball-cards-2024-bowman-chrome-prospects-autograph/estuar-suero-cpa-es,Estuar Suero #CPA-ES,2024.0,chrome,number_collision,,,,,,
6687562.0,Erick Torres,CPA-ET,https://www.sportscardspro.com/game/baseball-cards-2024-bowman-chrome-prospects-autograph/erick-torres-cpa-et,Erick Torres #CPA-ET,2024.0,chrome,number_collision,,,,,,
6687563.0,Enmanuel Tejeda,CPA-ETE,https://www.sportscardspro.com/game/baseball-cards-2024-bowman-chrome-prospects-autograph/enmanuel-tejeda-cpa-ete,Enmanuel Tejeda #CPA-ETE,2024.0,chrome,number_collision,,,,,,
6687564.0,Esmerlyn Valdez,CPA-EV,https://www.sportscardspro.com/game/baseball-cards-2024-bowman-chrome-prospects-autograph/esmerlyn-valdez-cpa-ev,Esmerlyn Valdez #CPA-EV,2024.0,chrome,number_collision,,,,,,
6687573.0,Jadher Areinamo,CPA-JA,https://www.sportscardspro.com/game/baseball-cards-2024-bowman-chrome-prospects-autograph/jadher-areinamo-cpa-ja,Jadher Areinamo #CPA-JA,2024.0,chrome,number_collision,,,,,,
6687574.0,Jacob Burke,CPA-JB,https://www.sportscardspro.com/game/baseball-cards-2024-bowman-chrome-prospects-autograph/jacob-burke-cpa-jb,Jacob Burke #CPA-JB,2024.0,chrome,number_collision,,,,,,
6687580.0,Jesus Rodriguez,CPA-JR,https://www.sportscardspro.com/game/baseball-cards-2024-bowman-chrome-prospects-autograph/jesus-rodriguez-cpa-jr,Jesus Rodriguez #CPA-JR,2024.0,chrome,number_collision,,,,,,
6687591.0,Paul Skenes,CPA-PS,https://www.sportscardspro.com/game/baseball-cards-2024-bowman-chrome-prospects-autograph/paul-skenes-cpa-ps,Paul Skenes #CPA-PS,2024.0,chrome,number_collision,,,,,,
6687611.0,Yohandy Morales,CPA-YM,https://www.sportscardspro.com/game/baseball-cards-2024-bowman-chrome-prospects-autograph/yohandy-morales-cpa-ym,Yohandy Morales #CPA-YM,2024.0,chrome,number_collision,,,,,,
7381749.0,Adriel Radney,CPA-AR,https://www.sportscardspro.com/game/baseball-cards-2024-bowman-chrome-prospects-autograph/adriel-radney-cpa-ar,Adriel Radney #CPA-AR,2024.0,chrome,number_collision,,,,,,
7381775.0,Adolfo Sanchez,CPA-AS,https://www.sportscardspro.com/game/baseball-cards-2024-bowman-chrome-prospects-autograph/adolfo-sanchez-cpa-as,Adolfo Sanchez #CPA-AS,2024.0,chrome,number_collision,,,,,,
7381897.0,Bralyn Brazoban,CPA-BB,https://www.sportscardspro.com/game/baseball-cards-2024-bowman-chrome-prospects-autograph/bralyn-brazoban-cpa-bb,Bralyn Brazoban #CPA-BB,2024.0,chrome,number_collision,,,,,,
7381921.0,Brooks Brannon,CPA-BB,https://www.sportscardspro.com/game/baseball-cards-2024-bowman-chrome-prospects-autograph/brooks-brannon-cpa-bb,Brooks Brannon #CPA-BB,2024.0,chrome,number_collision,,,,,,
7382044.0,Braylin Morel,CPA-BM,https://www.sportscardspro.com/game/baseball-cards-2024-bowman-chrome-prospects-autograph/braylin-morel-cpa-bm,Braylin Morel #CPA-BM,2024.0,chrome,number_collision,,,,,,
7382317.0,Derek Bernard,CPA-DB,https://www.sportscardspro.com/game/baseball-cards-2024-bowman-chrome-prospects-autograph/derek-bernard-cpa-db,Derek Bernard #CPA-DB,2024.0,chrome,number_collision,,,,,,
7382465.0,Eduardo Beltre,CPA-EB,https://www.sportscardspro.com/game/baseball-cards-2024-bowman-chrome-prospects-autograph/eduardo-beltre-cpa-eb,Eduardo Beltre #CPA-EB,2024.0,chrome,number_collision,,,,,,
7382637.0,Emilio Sanchez,CPA-ES,https://www.sportscardspro.com/game/baseball-cards-2024-bowman-chrome-prospects-autograph/emilio-sanchez-cpa-es,Emilio Sanchez #CPA-ES,2024.0,chrome,number_collision,,,,,,
7382661.0,Eduardo Tait,CPA-ET,https://www.sportscardspro.com/game/baseball-cards-2024-bowman-chrome-prospects-autograph/eduardo-tait-cpa-et,Eduardo Tait #CPA-ET,2024.0,chrome,number_collision,,,,,,
7382684.0,Emiliano Teodo,CPA-ETE,https://www.sportscardspro.com/game/baseball-cards-2024-bowman-chrome-prospects-autograph/emiliano-teodo-cpa-ete,Emiliano Teodo #CPA-ETE,2024.0,chrome,number_collision,,,,,,
7382710.0,Echedry Vargas,CPA-EV,https://www.sportscardspro.com/game/baseball-cards-2024-bowman-chrome-prospects-autograph/echedry-vargas-cpa-ev,Echedry Vargas #CPA-EV,2024.0,chrome,number_collision,,,,,,
7382833.0,Greylin De La Paz,CPA-GD,https://www.sportscardspro.com/game/baseball-cards-2024-bowman-chrome-prospects-autograph/greylin-de-la-paz-cpa-gd,Greylin De La Paz #CPA-GD,2024.0,chrome,number_collision,,,,,,
7382971.0,Jalvin Arias,CPA-JA,https://www.sportscardspro.com/game/baseball-cards-2024-bowman-chrome-prospects-autograph/jalvin-arias-cpa-ja,Jalvin Arias #CPA-JA,2024.0,chrome,number_collision,,,,,,
7383020.0,Jake Bloss,CPA-JB,https://www.sportscardspro.com/game/baseball-cards-2024-bowman-chrome-prospects-autograph/jake-bloss-cpa-jb,Jake Bloss #CPA-JB,2024.0,chrome,number_collision,,,,,,
7383193.0,Juan Flores,CPA-JF,https://www.sportscardspro.com/game/baseball-cards-2024-bowman-chrome-prospects-autograph/juan-flores-cpa-jf,Juan Flores #CPA-JF,2024.0,chrome,number_collision,,,,,,
7383217.0,Jose Fernandez,CPA-JF,https://www.sportscardspro.com/game/baseball-cards-2024-bowman-chrome-prospects-autograph/jose-fernandez-cpa-jf,Jose Fernandez #CPA-JF,2024.0,chrome,number_collision,,,,,,
7383340.0,Jose Perdomo,CPA-JP,https://www.sportscardspro.com/game/baseball-cards-2024-bowman-chrome-prospects-autograph/jose-perdomo-cpa-jp,Jose Perdomo #CPA-JP,2024.0,chrome,number_collision,,,,,,
7383365.0,Jeral Perez,CPA-JP,https://www.sportscardspro.com/game/baseball-cards-2024-bowman-chrome-prospects-autograph/jeral-perez-cpa-jp,Jeral Perez #CPA-JP,2024.0,chrome,number_collision,,,,,,
7383414.0,Jensy Rivas,CPA-JR,https://www.sportscardspro.com/game/baseball-cards-2024-bowman-chrome-prospects-autograph/jensy-rivas-cpa-jr,Jensy Rivas #CPA-JR,2024.0,chrome,number_collision,,,,,,
7384199.0,Paulino Santana,CPA-PS,https://www.sportscardspro.com/game/baseball-cards-2024-bowman-chrome-prospects-autograph/paulino-santana-cpa-ps,Paulino Santana #CPA-PS,2024.0,chrome,number_collision,,,,,,
7384668.0,Waner Luciano,CPA-WL,https://www.sportscardspro.com/game/baseball-cards-2024-bowman-chrome-prospects-autograph/waner-luciano-cpa-wl,Waner Luciano #CPA-WL,2024.0,chrome,number_collision,,,,,,
7384692.0,Wilfredo Lara,CPA-WL,https://www.sportscardspro.com/game/baseball-cards-2024-bowman-chrome-prospects-autograph/wilfredo-lara-cpa-wl,Wilfredo Lara #CPA-WL,2024.0,chrome,number_collision,,,,,,
7384766.0,Yoniel Curet,CPA-YCU,https://www.sportscardspro.com/game/baseball-cards-2024-bowman-chrome-prospects-autograph/yoniel-curet-cpa-ycu,Yoniel Curet #CPA-YCU,2024.0,chrome,number_collision,,,,,,
7384789.0,Yohairo Cuevas,CPA-YCU,https://www.sportscardspro.com/game/baseball-cards-2024-bowman-chrome-prospects-autograph/yohairo-cuevas-cpa-ycu,Yohairo Cuevas #CPA-YCU,2024.0,chrome,number_collision,,,,,,
7384815.0,Yordanny Monegro,CPA-YM,https://www.sportscardspro.com/game/baseball-cards-2024-bowman-chrome-prospects-autograph/yordanny-monegro-cpa-ym,Yordanny Monegro #CPA-YM,2024.0,chrome,number_collision,,,,,,
7385029.0,Gavin Dugas,CPA-GD,https://www.sportscardspro.com/game/baseball-cards-2024-bowman-chrome-prospects-autograph/gavin-dugas-cpa-gd,Gavin Dugas #CPA-GD,2024.0,chrome,number_collision,,,,,,
5096458.0,Austin Charles,CPA-AC,https://www.sportscardspro.com/game/baseball-cards-2023-bowman-chrome-prospect-autographs/austin-charles-cpa-ac,Austin Charles #CPA-AC,2023.0,chrome,number_collision,,,,,,
5096462.0,Braylin Tavera,CPA-BT,https://www.sportscardspro.com/game/baseball-cards-2023-bowman-chrome-prospect-autographs/braylin-tavera-cpa-bt,Braylin Tavera #CPA-BT,2023.0,chrome,number_collision,,,,,,
5096463.0,Braylon Bishop,CPA-BB,https://www.sportscardspro.com/game/baseball-cards-2023-bowman-chrome-prospect-autographs/braylon-bishop-cpa-bb,Braylon Bishop #CPA-BB,2023.0,chrome,number_collision,,,,,,
5096466.0,Caden Dana,CPA-CD,https://www.sportscardspro.com/game/baseball-cards-2023-bowman-chrome-prospect-autographs/caden-dana-cpa-cd,Caden Dana #CPA-CD,2023.0,chrome,number_collision,,,,,,
5096469.0,Colby Thomas,CPA-CT,https://www.sportscardspro.com/game/baseball-cards-2023-bowman-chrome-prospect-autographs/colby-thomas-cpa-ct,Colby Thomas #CPA-CT,2023.0,chrome,number_collision,,,,,,
5096472.0,Daniel Montesino,CPA-DM,https://www.sportscardspro.com/game/baseball-cards-2023-bowman-chrome-prospect-autographs/daniel-montesino-cpa-dm,Daniel Montesino #CPA-DM,2023.0,chrome,number_collision,,,,,,
5096481.0,Emaarion Boyd,CPA-EB,https://www.sportscardspro.com/game/baseball-cards-2023-bowman-chrome-prospect-autographs/emaarion-boyd-cpa-eb,Emaarion Boyd #CPA-EB,2023.0,chrome,number_collision,,,,,,
5096495.0,Jacob Berry,CPA-JB,https://www.sportscardspro.com/game/baseball-cards-2023-bowman-chrome-prospect-autographs/jacob-berry-cpa-jb,Jacob Berry #CPA-JB,2023.0,chrome,number_collision,,,,,,
5096497.0,Jase Bowen,CPA-JBN,https://www.sportscardspro.com/game/baseball-cards-2023-bowman-chrome-prospect-autographs/jase-bowen-cpa-jbn,Jase Bowen #CPA-JBN,2023.0,chrome,number_collision,,,,,,
5096507.0,Juan Carela,CPA-JCA,https://www.sportscardspro.com/game/baseball-cards-2023-bowman-chrome-prospect-autographs/juan-carela-cpa-jca,Juan Carela #CPA-JCA,2023.0,chrome,number_collision,,,,,,
5096515.0,Leandro Arias,CPA-LA,https://www.sportscardspro.com/game/baseball-cards-2023-bowman-chrome-prospect-autographs/leandro-arias-cpa-la,Leandro Arias #CPA-LA,2023.0,chrome,number_collision,,,,,,
5096517.0,Luis Garcia,CPA-LG,https://www.sportscardspro.com/game/baseball-cards-2023-bowman-chrome-prospect-autographs/luis-garcia-cpa-lg,Luis Garcia #CPA-LG,2023.0,chrome,number_collision,,,,,,
5096534.0,Roman Anthony,CPA-RA,https://www.sportscardspro.com/game/baseball-cards-2023-bowman-chrome-prospect-autographs/roman-anthony-cpa-ra,Roman Anthony #CPA-RA,2023.0,chrome,number_collision,,,,,,
5096546.0,Wilmer Flores,CPA-WF,https://www.sportscardspro.com/game/baseball-cards-2023-bowman-chrome-prospect-autographs/wilmer-flores-cpa-wf,Wilmer Flores #CPA-WF,2023.0,chrome,number_collision,,,,,,
5799231.0,Ariel Castro,CPA-AC,https://www.sportscardspro.com/game/baseball-cards-2023-bowman-chrome-prospect-autographs/ariel-castro-cpa-ac,Ariel Castro #CPA-AC,2023.0,chrome,number_collision,,,,,,
5799236.0,Blade Tidwell,CPA-BT,https://www.sportscardspro.com/game/baseball-cards-2023-bowman-chrome-prospect-autographs/blade-tidwell-cpa-bt,Blade Tidwell #CPA-BT,2023.0,chrome,number_collision,,,,,,
5799244.0,Bryant Betancourt,CPA-BB,https://www.sportscardspro.com/game/baseball-cards-2023-bowman-chrome-prospect-autographs/bryant-betancourt-cpa-bb,Bryant Betancourt #CPA-BB,2023.0,chrome,number_collision,,,,,,
5799246.0,Camilo Diaz,CPA-CD,https://www.sportscardspro.com/game/baseball-cards-2023-bowman-chrome-prospect-autographs/camilo-diaz-cpa-cd,Camilo Diaz #CPA-CD,2023.0,chrome,number_collision,,,,,,
5799255.0,Cristofer Torin,CPA-CT,https://www.sportscardspro.com/game/baseball-cards-2023-bowman-chrome-prospect-autographs/cristofer-torin-cpa-ct,Cristofer Torin #CPA-CT,2023.0,chrome,number_collision,,,,,,
5799264.0,Diego Mosquera,CPA-DM,https://www.sportscardspro.com/game/baseball-cards-2023-bowman-chrome-prospect-autographs/diego-mosquera-cpa-dm,Diego Mosquera #CPA-DM,2023.0,chrome,number_collision,,,,,,
5799267.0,Eddy Beltre,CPA-EB,https://www.sportscardspro.com/game/baseball-cards-2023-bowman-chrome-prospect-autographs/eddy-beltre-cpa-eb,Eddy Beltre #CPA-EB,2023.0,chrome,number_collision,,,,,,
5799285.0,Jair Casanova,CPA-JCA,https://www.sportscardspro.com/game/baseball-cards-2023-bowman-chrome-prospect-autographs/jair-casanova-cpa-jca,Jair Casanova #CPA-JCA,2023.0,chrome,number_collision,,,,,,
5799291.0,Jesus Bugarin,CPA-JB,https://www.sportscardspro.com/game/baseball-cards-2023-bowman-chrome-prospect-autographs/jesus-bugarin-cpa-jb,Jesus Bugarin #CPA-JB,2023.0,chrome,number_collision,,,,,,
5799301.0,Juan Benjamin,CPA-JBN,https://www.sportscardspro.com/game/baseball-cards-2023-bowman-chrome-prospect-autographs/juan-benjamin-cpa-jbn,Juan Benjamin #CPA-JBN,2023.0,chrome,number_collision,,,,,,
5799315.0,Luis Almeyda,CPA-LA,https://www.sportscardspro.com/game/baseball-cards-2023-bowman-chrome-prospect-autographs/luis-almeyda-cpa-la,Luis Almeyda #CPA-LA,2023.0,chrome,number_collision,,,,,,
5799316.0,Luis Guanipa,CPA-LG,https://www.sportscardspro.com/game/baseball-cards-2023-bowman-chrome-prospect-autographs/luis-guanipa-cpa-lg,Luis Guanipa #CPA-LG,2023.0,chrome,number_collision,,,,,,
5799333.0,Rayner Arias,CPA-RA,https://www.sportscardspro.com/game/baseball-cards-2023-bowman-chrome-prospect-autographs/rayner-arias-cpa-ra,Rayner Arias #CPA-RA,2023.0,chrome,number_collision,,,,,,
5799347.0,Welbyn Francisca,CPA-WF,https://www.sportscardspro.com/game/baseball-cards-2023-bowman-chrome-prospect-autographs/welbyn-francisca-cpa-wf,Welbyn Francisca #CPA-WF,2023.0,chrome,number_collision,,,,,,
3411897.0,Alejandro Hidalgo,CPA-AH,https://www.sportscardspro.com/game/baseball-cards-2022-bowman-chrome-prospect-autographs/alejandro-hidalgo-cpa-ah,Alejandro Hidalgo #CPA-AH,2022.0,chrome,number_collision,,,,,,
3411900.0,Alejandro Pie,CPA-AP,https://www.sportscardspro.com/game/baseball-cards-2022-bowman-chrome-prospect-autographs/alejandro-pie-cpa-ap,Alejandro Pie #CPA-AP,2022.0,chrome,number_collision,,,,,,
3411910.0,Colton Cowser,CPA-CC,https://www.sportscardspro.com/game/baseball-cards-2022-bowman-chrome-prospect-autographs/colton-cowser-cpa-cc,Colton Cowser #CPA-CC,2022.0,chrome,number_collision,,,,,,
3411912.0,Curtis Mead,CPA-CM,https://www.sportscardspro.com/game/baseball-cards-2022-bowman-chrome-prospect-autographs/curtis-mead-cpa-cm,Curtis Mead #CPA-CM,2022.0,chrome,number_collision,,,,,,
3411915.0,Creed Willems,CPA-CW,https://www.sportscardspro.com/game/baseball-cards-2022-bowman-chrome-prospect-autographs/creed-willems-cpa-cw,Creed Willems #CPA-CW,2022.0,chrome,number_collision,,,,,,
3411916.0,Darren Baker,CPA-DB,https://www.sportscardspro.com/game/baseball-cards-2022-bowman-chrome-prospect-autographs/darren-baker-cpa-db,Darren Baker #CPA-DB,2022.0,chrome,number_collision,,,,,,
3411924.0,Elijah Cabell,CPA-EC,https://www.sportscardspro.com/game/baseball-cards-2022-bowman-chrome-prospect-autographs/elijah-cabell-cpa-ec,Elijah Cabell #CPA-EC,2022.0,chrome,number_collision,,,,,,
3411926.0,Eddys Leonard,CPA-EL,https://www.sportscardspro.com/game/baseball-cards-2022-bowman-chrome-prospect-autographs/eddys-leonard-cpa-el,Eddys Leonard #CPA-EL,2022.0,chrome,number_collision,,,,,,
3411928.0,Eduardo Vaughan,CPA-EV,https://www.sportscardspro.com/game/baseball-cards-2022-bowman-chrome-prospect-autographs/eduardo-vaughan-cpa-ev,Eduardo Vaughan #CPA-EV,2022.0,chrome,number_collision,,,,,,
3411931.0,Gavin Conticello,CPA-GC,https://www.sportscardspro.com/game/baseball-cards-2022-bowman-chrome-prospect-autographs/gavin-conticello-cpa-gc,Gavin Conticello #CPA-GC,2022.0,chrome,number_collision,,,,,,
3411937.0,Jose Fermin,CPA-JF,https://www.sportscardspro.com/game/baseball-cards-2022-bowman-chrome-prospect-autographs/jose-fermin-cpa-jf,Jose Fermin #CPA-JF,2022.0,chrome,number_collision,,,,,,
3411942.0,Jack Suwinski,CPA-JS,https://www.sportscardspro.com/game/baseball-cards-2022-bowman-chrome-prospect-autographs/jack-suwinski-cpa-js,Jack Suwinski #CPA-JS,2022.0,chrome,number_collision,,,,,,
3411950.0,Lenyn Sosa,CPA-LS,https://www.sportscardspro.com/game/baseball-cards-2022-bowman-chrome-prospect-autographs/lenyn-sosa-cpa-ls,Lenyn Sosa #CPA-LS,2022.0,chrome,number_collision,,,,,,
3411954.0,Mason Albright,CPA-MA,https://www.sportscardspro.com/game/baseball-cards-2022-bowman-chrome-prospect-autographs/mason-albright-cpa-ma,Mason Albright #CPA-MA,2022.0,chrome,number_collision,,,,,,
3411967.0,Robert Dominguez,CPA-RD,https://www.sportscardspro.com/game/baseball-cards-2022-bowman-chrome-prospect-autographs/robert-dominguez-cpa-rd,Robert Dominguez #CPA-RD,2022.0,chrome,number_collision,,,,,,
3411972.0,Randy Vasquez,CPA-RV,https://www.sportscardspro.com/game/baseball-cards-2022-bowman-chrome-prospect-autographs/randy-vasquez-cpa-rv,Randy Vasquez #CPA-RV,2022.0,chrome,number_collision,,,,,,
3411978.0,Warming Bernabel,CPA-WB,https://www.sportscardspro.com/game/baseball-cards-2022-bowman-chrome-prospect-autographs/warming-bernabel-cpa-wb,Warming Bernabel #CPA-WB,2022.0,chrome,number_collision,,,,,,
3411979.0,Wilmin Candelario,CPA-WC,https://www.sportscardspro.com/game/baseball-cards-2022-bowman-chrome-prospect-autographs/wilmin-candelario-cpa-wc,Wilmin Candelario #CPA-WC,2022.0,chrome,number_collision,,,,,,
3411980.0,Yan Contreras,CPA-YC,https://www.sportscardspro.com/game/baseball-cards-2022-bowman-chrome-prospect-autographs/yan-contreras-cpa-yc,Yan Contreras #CPA-YC,2022.0,chrome,number_collision,,,,,,
4377823.0,Alexis Hernandez,CPA-AH,https://www.sportscardspro.com/game/baseball-cards-2022-bowman-chrome-prospect-autographs/alexis-hernandez-cpa-ah,Alexis Hernandez #CPA-AH,2022.0,chrome,number_collision,,,,,,
4377825.0,Antonio Pinero,CPA-AP,https://www.sportscardspro.com/game/baseball-cards-2022-bowman-chrome-prospect-autographs/antonio-pinero-cpa-ap,Antonio Pinero #CPA-AP,2022.0,chrome,number_collision,,,,,,
4377839.0,Cal Conley,CPA-CC,https://www.sportscardspro.com/game/baseball-cards-2022-bowman-chrome-prospect-autographs/cal-conley-cpa-cc,Cal Conley #CPA-CC,2022.0,chrome,number_collision,,,,,,
4377843.0,Cade Marlowe,CPA-CM,https://www.sportscardspro.com/game/baseball-cards-2022-bowman-chrome-prospect-autographs/cade-marlowe-cpa-cm,Cade Marlowe #CPA-CM,2022.0,chrome,number_collision,,,,,,
4377847.0,Charlie Welch,CPA-CW,https://www.sportscardspro.com/game/baseball-cards-2022-bowman-chrome-prospect-autographs/charlie-welch-cpa-cw,Charlie Welch #CPA-CW,2022.0,chrome,number_collision,,,,,,
4377848.0,Dru Baker,CPA-DB,https://www.sportscardspro.com/game/baseball-cards-2022-bowman-chrome-prospect-autographs/dru-baker-cpa-db,Dru Baker #CPA-DB,2022.0,chrome,number_collision,,,,,,
4377858.0,Estanli Castillo,CPA-EC,https://www.sportscardspro.com/game/baseball-cards-2022-bowman-chrome-prospect-autographs/estanli-castillo-cpa-ec,Estanli Castillo #CPA-EC,2022.0,chrome,number_collision,,,,,,
4377860.0,Evan Lee,CPA-EL,https://www.sportscardspro.com/game/baseball-cards-2022-bowman-chrome-prospect-autographs/evan-lee-cpa-el,Evan Lee #CPA-EL,2022.0,chrome,number_collision,,,,,,
4377863.0,Enmanuel Valdez,CPA-EV,https://www.sportscardspro.com/game/baseball-cards-2022-bowman-chrome-prospect-autographs/enmanuel-valdez-cpa-ev,Enmanuel Valdez #CPA-EV,2022.0,chrome,number_collision,,,,,,
4377865.0,Greg Cullen,CPA-GC,https://www.sportscardspro.com/game/baseball-cards-2022-bowman-chrome-prospect-autographs/greg-cullen-cpa-gc,Greg Cullen #CPA-GC,2022.0,chrome,number_collision,,,,,,
4377873.0,Jaison Chourio,CPA-JCO,https://www.sportscardspro.com/game/baseball-cards-2022-bowman-chrome-prospect-autographs/jaison-chourio-cpa-jco,Jaison Chourio #CPA-JCO,2022.0,chrome,number_collision,,,,,,
4377874.0,Jackson Chourio,CPA-JCO,https://www.sportscardspro.com/game/baseball-cards-2022-bowman-chrome-prospect-autographs/jackson-chourio-cpa-jco,Jackson Chourio #CPA-JCO,2022.0,chrome,number_collision,,,,,,
4377875.0,John Fox,CPA-JF,https://www.sportscardspro.com/game/baseball-cards-2022-bowman-chrome-prospect-autographs/john-fox-cpa-jf,John Fox #CPA-JF,2022.0,chrome,number_collision,,,,,,
4377881.0,John Rhodes,CPA-JR,https://www.sportscardspro.com/game/baseball-cards-2022-bowman-chrome-prospect-autographs/john-rhodes-cpa-jr,John Rhodes #CPA-JR,2022.0,chrome,number_collision,,,,,,
4377882.0,Jaden Rudd,CPA-JR,https://www.sportscardspro.com/game/baseball-cards-2022-bowman-chrome-prospect-autographs/jaden-rudd-cpa-jr,Jaden Rudd #CPA-JR,2022.0,chrome,number_collision,,,,,,
4377885.0,JT Schwartz,CPA-JS,https://www.sportscardspro.com/game/baseball-cards-2022-bowman-chrome-prospect-autographs/jt-schwartz-cpa-js,JT Schwartz #CPA-JS,2022.0,chrome,number_collision,,,,,,
4377892.0,Logan Cerny,CPA-LC,https://www.sportscardspro.com/game/baseball-cards-2022-bowman-chrome-prospect-autographs/logan-cerny-cpa-lc,Logan Cerny #CPA-LC,2022.0,chrome,number_collision,,,,,,
4377893.0,Luis Chevalier,CPA-LC,https://www.sportscardspro.com/game/baseball-cards-2022-bowman-chrome-prospect-autographs/luis-chevalier-cpa-lc,Luis Chevalier #CPA-LC,2022.0,chrome,number_collision,,,,,,
4377895.0,Liam Spence,CPA-LS,https://www.sportscardspro.com/game/baseball-cards-2022-bowman-chrome-prospect-autographs/liam-spence-cpa-ls,Liam Spence #CPA-LS,2022.0,chrome,number_collision,,,,,,
4377896.0,Mason Auer,CPA-MA,https://www.sportscardspro.com/game/baseball-cards-2022-bowman-chrome-prospect-autographs/mason-auer-cpa-ma,Mason Auer #CPA-MA,2022.0,chrome,number_collision,,,,,,
4377908.0,Rayne Doncon,CPA-RD,https://www.sportscardspro.com/game/baseball-cards-2022-bowman-chrome-prospect-autographs/rayne-doncon-cpa-rd,Rayne Doncon #CPA-RD,2022.0,chrome,number_collision,,,,,,
4377912.0,Rosman Verdugo,CPA-RV,https://www.sportscardspro.com/game/baseball-cards-2022-bowman-chrome-prospect-autographs/rosman-verdugo-cpa-rv,Rosman Verdugo #CPA-RV,2022.0,chrome,number_collision,,,,,,
4377923.0,William Bergolla,CPA-WB,https://www.sportscardspro.com/game/baseball-cards-2022-bowman-chrome-prospect-autographs/william-bergolla-cpa-wb,William Bergolla #CPA-WB,2022.0,chrome,number_collision,,,,,,
4377924.0,Won Bin Cho,CPA-WC,https://www.sportscardspro.com/game/baseball-cards-2022-bowman-chrome-prospect-autographs/won-bin-cho-cpa-wc,Won Bin Cho #CPA-WC,2022.0,chrome,number_collision,,,,,,
4377928.0,Yerlin Confidan,CPA-YC,https://www.sportscardspro.com/game/baseball-cards-2022-bowman-chrome-prospect-autographs/yerlin-confidan-cpa-yc,Yerlin Confidan #CPA-YC,2022.0,chrome,number_collision,,,,,,
1450890.0,Dansby Swanson,BCAP-DS,https://www.sportscardspro.com/game/baseball-cards-2015-bowman-chrome-prospect-autograph/dansby-swanson-bcap-ds,Dansby Swanson #BCAP-DS,2015.0,chrome,number_collision,,,,,,
1450892.0,Darnell Sweeney,BCAP-DS,https://www.sportscardspro.com/game/baseball-cards-2015-bowman-chrome-prospect-autograph/darnell-sweeney-bcap-ds,Darnell Sweeney #BCAP-DS,2015.0,chrome,number_collision,,,,,,
1450963.0,Miguel Castro,BCAP-MC,https://www.sportscardspro.com/game/baseball-cards-2015-bowman-chrome-prospect-autograph/miguel-castro-bcap-mc,Miguel Castro #BCAP-MC,2015.0,chrome,number_collision,,,,,,
1451035.0,Wilmer Difo,BCAP-WD,https://www.sportscardspro.com/game/baseball-cards-2015-bowman-chrome-prospect-autograph/wilmer-difo-bcap-wd,Wilmer Difo #BCAP-WD,2015.0,chrome,number_collision,,,,,,
10234280.0,Wimer Difo,BCAP-WD,https://www.sportscardspro.com/game/baseball-cards-2015-bowman-chrome-prospect-autograph/wimer-difo-bcap-wd,Wimer Difo #BCAP-WD,2015.0,chrome,number_collision,,,,,,
10234394.0,Michael Conforto,BCAP-MC,https://www.sportscardspro.com/game/baseball-cards-2015-bowman-chrome-prospect-autograph/michael-conforto-bcap-mc,Michael Conforto #BCAP-MC,2015.0,chrome,number_collision,,,,,,
1348413.0,Matt Manning,CDA-MM,https://www.sportscardspro.com/game/baseball-cards-2016-bowman-draft-chrome-picks-autographs/matt-manning-cda-mm,Matt Manning #CDA-MM,2016.0,draft,number_collision,,,,,,
1348414.0,Mickey Moniak,CDA-MM,https://www.sportscardspro.com/game/baseball-cards-2016-bowman-draft-chrome-picks-autographs/mickey-moniak-cda-mm,Mickey Moniak #CDA-MM,2016.0,draft,number_collision,,,,,,
1397051.0,Luis Arraez,CPA-LA,https://www.sportscardspro.com/game/baseball-cards-2017-bowman-chrome-prospects-autographs/luis-arraez-cpa-la,Luis Arraez #CPA-LA,2017.0,chrome,number_collision,,,,,,
1397052.0,Lazarito Armenteros,CPA-LA,https://www.sportscardspro.com/game/baseball-cards-2017-bowman-chrome-prospects-autographs/lazarito-armenteros-cpa-la,Lazarito Armenteros #CPA-LA,2017.0,chrome,number_collision,,,,,,
1397058.0,Michael Kopech,CPA-MK,https://www.sportscardspro.com/game/baseball-cards-2017-bowman-chrome-prospects-autographs/michael-kopech-cpa-mk,Michael Kopech #CPA-MK,2017.0,chrome,number_collision,,,,,,
1397059.0,Mitch Keller,CPA-MK,https://www.sportscardspro.com/game/baseball-cards-2017-bowman-chrome-prospects-autographs/mitch-keller-cpa-mk,Mitch Keller #CPA-MK,2017.0,chrome,number_collision,,,,,,
1573008.0,Cal Raleigh,CPA-CR,https://www.sportscardspro.com/game/baseball-cards-2019-bowman-chrome-prospects-autographs/cal-raleigh-cpa-cr,Cal Raleigh #CPA-CR,2019.0,chrome,number_collision,,,,,,
1573009.0,Cam Roegner,CPA-CR,https://www.sportscardspro.com/game/baseball-cards-2019-bowman-chrome-prospects-autographs/cam-roegner-cpa-cr,Cam Roegner #CPA-CR,2019.0,chrome,number_collision,,,,,,
1573043.0,Orelvis Martinez,CPA-OM,https://www.sportscardspro.com/game/baseball-cards-2019-bowman-chrome-prospects-autographs/orelvis-martinez-cpa-om,Orelvis Martinez #CPA-OM,2019.0,chrome,number_collision,,,,,,
1573044.0,Owen Miller,CPA-OM,https://www.sportscardspro.com/game/baseball-cards-2019-bowman-chrome-prospects-autographs/owen-miller-cpa-om,Owen Miller #CPA-OM,2019.0,chrome,number_collision,,,,,,
1675643.0,Austin Hansen,CPA-AH,https://www.sportscardspro.com/game/baseball-cards-2020-bowman-chrome-prospects-autograph/austin-hansen-cpa-ah,Austin Hansen #CPA-AH,2020.0,chrome,number_collision,,,,,,
1675644.0,Alex Speas,CPA-AS,https://www.sportscardspro.com/game/baseball-cards-2020-bowman-chrome-prospects-autograph/alex-speas-cpa-as,Alex Speas #CPA-AS,2020.0,chrome,number_collision,,,,,,
1675645.0,Austin Shenton,CPA-ASH,https://www.sportscardspro.com/game/baseball-cards-2020-bowman-chrome-prospects-autograph/austin-shenton-cpa-ash,Austin Shenton #CPA-ASH,2020.0,chrome,number_collision,,,,,,
1675646.0,Alex Vesia,CPA-AV,https://www.sportscardspro.com/game/baseball-cards-2020-bowman-chrome-prospects-autograph/alex-vesia-cpa-av,Alex Vesia #CPA-AV,2020.0,chrome,number_collision,,,,,,
1675647.0,Brenton Doyle,CPA-BD,https://www.sportscardspro.com/game/baseball-cards-2020-bowman-chrome-prospects-autograph/brenton-doyle-cpa-bd,Brenton Doyle #CPA-BD,2020.0,chrome,number_collision,,,,,,
1675648.0,Brandon Lewis,CPA-BL,https://www.sportscardspro.com/game/baseball-cards-2020-bowman-chrome-prospects-autograph/brandon-lewis-cpa-bl,Brandon Lewis #CPA-BL,2020.0,chrome,number_collision,,,,,,
1675649.0,Bayron Lora,CPA-BL,https://www.sportscardspro.com/game/baseball-cards-2020-bowman-chrome-prospects-autograph/bayron-lora-cpa-bl,Bayron Lora #CPA-BL,2020.0,chrome,number_collision,,,,,,
1675658.0,Drew Avans,CPA-DA,https://www.sportscardspro.com/game/baseball-cards-2020-bowman-chrome-prospects-autograph/drew-avans-cpa-da,Drew Avans #CPA-DA,2020.0,chrome,number_collision,,,,,,
1675675.0,Jonathan Stiever,CPA-JS,https://www.sportscardspro.com/game/baseball-cards-2020-bowman-chrome-prospects-autograph/jonathan-stiever-cpa-js,Jonathan Stiever #CPA-JS,2020.0,chrome,number_collision,,,,,,
1675676.0,Junior Santos,CPA-JS,https://www.sportscardspro.com/game/baseball-cards-2020-bowman-chrome-prospects-autograph/junior-santos-cpa-js,Junior Santos #CPA-JS,2020.0,chrome,number_collision,,,,,,
1675682.0,Lewin Diaz,CPA-LD,https://www.sportscardspro.com/game/baseball-cards-2020-bowman-chrome-prospects-autograph/lewin-diaz-cpa-ld,Lewin Diaz #CPA-LD,2020.0,chrome,number_collision,,,,,,
1705001.0,Adam Hall,CPA-AH,https://www.sportscardspro.com/game/baseball-cards-2020-bowman-chrome-prospects-autograph/adam-hall-cpa-ah,Adam Hall #CPA-AH,2020.0,chrome,number_collision,,,,,,
1705005.0,Alvaro Seijas,CPA-AS,https://www.sportscardspro.com/game/baseball-cards-2020-bowman-chrome-prospects-autograph/alvaro-seijas-cpa-as,Alvaro Seijas #CPA-AS,2020.0,chrome,number_collision,,,,,,
1705006.0,Aaron Shortridge,CPA-ASH,https://www.sportscardspro.com/game/baseball-cards-2020-bowman-chrome-prospects-autograph/aaron-shortridge-cpa-ash,Aaron Shortridge #CPA-ASH,2020.0,chrome,number_collision,,,,,,
1705007.0,Anthony Volpe,CPA-AV,https://www.sportscardspro.com/game/baseball-cards-2020-bowman-chrome-prospects-autograph/anthony-volpe-cpa-av,Anthony Volpe #CPA-AV,2020.0,chrome,number_collision,,,,,,
1705011.0,Brennen Davis,CPA-BD,https://www.sportscardspro.com/game/baseball-cards-2020-bowman-chrome-prospects-autograph/brennen-davis-cpa-bd,Brennen Davis #CPA-BD,2020.0,chrome,number_collision,,,,,,
1705018.0,Diosbel Arias,CPA-DA,https://www.sportscardspro.com/game/baseball-cards-2020-bowman-chrome-prospects-autograph/diosbel-arias-cpa-da,Diosbel Arias #CPA-DA,2020.0,chrome,number_collision,,,,,,
1705041.0,Lency Delgado,CPA-LD,https://www.sportscardspro.com/game/baseball-cards-2020-bowman-chrome-prospects-autograph/lency-delgado-cpa-ld,Lency Delgado #CPA-LD,2020.0,chrome,number_collision,,,,,,
2171401.0,Austin Cox,CPA-AC,https://www.sportscardspro.com/game/baseball-cards-2021-bowman-chrome-prospect-autographs/austin-cox-cpa-ac,Austin Cox #CPA-AC,2021.0,chrome,number_collision,,,,,,
2171405.0,Austin Martin,CPA-AM,https://www.sportscardspro.com/game/baseball-cards-2021-bowman-chrome-prospect-autographs/austin-martin-cpa-am,Austin Martin #CPA-AM,2021.0,chrome,number_collision,,,,,,
2171407.0,Alexander Ramirez,CPA-ARA,https://www.sportscardspro.com/game/baseball-cards-2021-bowman-chrome-prospect-autographs/alexander-ramirez-cpa-ara,Alexander Ramirez #CPA-ARA,2021.0,chrome,number_collision,,,,,,
2171410.0,Alexander Vargas,CPA-AV,https://www.sportscardspro.com/game/baseball-cards-2021-bowman-chrome-prospect-autographs/alexander-vargas-cpa-av,Alexander Vargas #CPA-AV,2021.0,chrome,number_collision,,,,,,
2171420.0,Eddy Diaz,CPA-ED,https://www.sportscardspro.com/game/baseball-cards-2021-bowman-chrome-prospect-autographs/eddy-diaz-cpa-ed,Eddy Diaz #CPA-ED,2021.0,chrome,number_collision,,,,,,
2171423.0,Endy Rodriguez,CPA-ER,https://www.sportscardspro.com/game/baseball-cards-2021-bowman-chrome-prospect-autographs/endy-rodriguez-cpa-er,Endy Rodriguez #CPA-ER,2021.0,chrome,number_collision,,,,,,
2171434.0,Ji-Hwan Bae,CPA-JB,https://www.sportscardspro.com/game/baseball-cards-2021-bowman-chrome-prospect-autographs/ji-hwan-bae-cpa-jb,Ji-Hwan Bae #CPA-JB,2021.0,chrome,number_collision,,,,,,
2171456.0,Marcus Smith,CPA-MS,https://www.sportscardspro.com/game/baseball-cards-2021-bowman-chrome-prospect-autographs/marcus-smith-cpa-ms,Marcus Smith #CPA-MS,2021.0,chrome,number_collision,,,,,,
2171468.0,Yoelqui Cespedes,CPA-YC,https://www.sportscardspro.com/game/baseball-cards-2021-bowman-chrome-prospect-autographs/yoelqui-cespedes-cpa-yc,Yoelqui Cespedes #CPA-YC,2021.0,chrome,number_collision,,,,,,
2613540.0,Armando Cruz,CPA-AC,https://www.sportscardspro.com/game/baseball-cards-2021-bowman-chrome-prospect-autographs/armando-cruz-cpa-ac,Armando Cruz #CPA-AC,2021.0,chrome,number_collision,,,,,,
2613542.0,Alexander Mojica,CPA-AM,https://www.sportscardspro.com/game/baseball-cards-2021-bowman-chrome-prospect-autographs/alexander-mojica-cpa-am,Alexander Mojica #CPA-AM,2021.0,chrome,number_collision,,,,,,
2613543.0,Aldo Ramirez,CPA-ARA,https://www.sportscardspro.com/game/baseball-cards-2021-bowman-chrome-prospect-autographs/aldo-ramirez-cpa-ara,Aldo Ramirez #CPA-ARA,2021.0,chrome,number_collision,,,,,,
2613546.0,Alexander Vizcaino,CPA-AV,https://www.sportscardspro.com/game/baseball-cards-2021-bowman-chrome-prospect-autographs/alexander-vizcaino-cpa-av,Alexander Vizcaino #CPA-AV,2021.0,chrome,number_collision,,,,,,
2613550.0,Elijah Dunham,CPA-ED,https://www.sportscardspro.com/game/baseball-cards-2021-bowman-chrome-prospect-autographs/elijah-dunham-cpa-ed,Elijah Dunham #CPA-ED,2021.0,chrome,number_collision,,,,,,
2613560.0,Eguy Rosario,CPA-ER,https://www.sportscardspro.com/game/baseball-cards-2021-bowman-chrome-prospect-autographs/eguy-rosario-cpa-er,Eguy Rosario #CPA-ER,2021.0,chrome,number_collision,,,,,,
2613572.0,Jose Baez,CPA-JB,https://www.sportscardspro.com/game/baseball-cards-2021-bowman-chrome-prospect-autographs/jose-baez-cpa-jb,Jose Baez #CPA-JB,2021.0,chrome,number_collision,,,,,,
2613595.0,Malfrin Sosa,CPA-MS,https://www.sportscardspro.com/game/baseball-cards-2021-bowman-chrome-prospect-autographs/malfrin-sosa-cpa-ms,Malfrin Sosa #CPA-MS,2021.0,chrome,number_collision,,,,,,
2613622.0,Yiddi Cappe,CPA-YC,https://www.sportscardspro.com/game/baseball-cards-2021-bowman-chrome-prospect-autographs/yiddi-cappe-cpa-yc,Yiddi Cappe #CPA-YC,2021.0,chrome,number_collision,,,,,,
,,,,,,,cross_audit_cc_2019_draft,81.0,81.0,[],[],True,1.0
,,,,,2016.0,draft,missing_base_set,,,,,,
,,,,,2018.0,draft,missing_base_set,,,,,,
,,,,,2024.0,draft,missing_base_set,,,,,,
