card,reason
Akeel Morris,no_scp_url
baseball-cards-2015-bowman-draft-chrome/andrew-suarez-170,parse:KeyError
baseball-cards-2015-bowman-chrome-prospects/bobby-wahl-bcp172,parse:KeyError
Brett Graves,no_scp_url
baseball-cards-2015-bowman-draft-chrome/carson-fulmer-118,parse:KeyError
baseball-cards-2015-bowman-chrome-prospects/carson-smith-bcp164,parse:KeyError
baseball-cards-2015-bowman-draft-chrome/christin-stewart-178,parse:KeyError
baseball-cards-2015-bowman-chrome-prospects/cody-reed-bcp233,parse:KeyError
Darnell Sweeney,no_scp_url
Hector Olivera,no_scp_url
baseball-cards-2015-bowman-chrome-prospects/jd-davis-bcp214,parse:KeyError
baseball-cards-2015-bowman-draft-chrome/jacob-nix-143,parse:KeyError
baseball-cards-2015-bowman-chrome-prospects/jefry-rodriguez-bcp205,parse:KeyError
baseball-cards-2015-bowman-chrome-prospects/jon-moscot-bcp163,parse:KeyError
baseball-cards-2015-bowman-chrome-prospects/luiz-gohara-bcp165,parse:KeyError
Miguel Castro,no_scp_url
Nick Pivetta,no_scp_url
Steven Okert,no_scp_url
Victor Arano,no_scp_url
baseball-cards-2015-bowman-draft-chrome/yoan-lopez-2,parse:KeyError
baseball-cards-2017-bowman-draft-chrome/aj-puk-bdc47,parse:KeyError
Adam Engel,no_scp_url
baseball-cards-2017-bowman-draft-chrome/cal-quantrill-bdc21,parse:KeyError
Cavan Biggio,no_scp_url
David Hess,no_scp_url
baseball-cards-2016-bowman-chrome-prospects/isan-diaz-bcp-232,parse:KeyError
Jake Fraley,no_scp_url
Jesus Tinoco,no_scp_url
Joe Musgrove,no_scp_url
Jordan Patterson,no_scp_url
baseball-cards-2016-bowman-chrome-prospects/sam-travis-bcp-229,parse:KeyError
Tyler White,no_scp_url
baseball-cards-2018-bowman-chrome-prospects/zack-collins-bcp-230,parse:KeyError
baseball-cards-2017-bowman-chrome-prospects/david-fletcher-bcp-113,parse:KeyError
Dinelson Lamet,no_scp_url
baseball-cards-2017-bowman-chrome-prospects/francisco-mejia-bcp-51,parse:KeyError
Lewis Brinson,no_scp_url
Luis Arraez,no_scp_url
Magneuris Sierra,no_scp_url
Meibrys Viloria,no_scp_url
Miguel Gomez,no_scp_url
baseball-cards-2017-bowman-draft-chrome/tommy-doyle-bdc54,parse:KeyError
Akil Baddoo,no_scp_url
Alex Wells,no_scp_url
Cedric Mullins,no_scp_url
Edward Olivares,no_scp_url
Edwin Rios,no_scp_url
Heath Fillmyer,no_scp_url
Jaime Barria,no_scp_url
Jake McCarthy,no_scp_url
Jake Rogers,no_scp_url
Joey Lucchesi,no_scp_url
Jonathan Loaisiga,no_scp_url
baseball-cards-2018-bowman-chrome-prospects/jorge-guzman-bcp-180,parse:KeyError
Jose Siri,no_scp_url
Kris Bubic,no_scp_url
Luis Escobar,no_scp_url
Mike Shawaryn,no_scp_url
Ranger Suarez,no_scp_url
Ryan Jeffers,no_scp_url
Seth Romero,no_scp_url
Trevor Oaks,no_scp_url
Abraham Toro,no_scp_url
Brandon Bielak,no_scp_url
Cal Raleigh,no_scp_url
Carlos Hernandez,no_scp_url
Cole Irvin,no_scp_url
Edwin Uceta,no_scp_url
James Bourque,no_scp_url
Jared Oliva,no_scp_url
Jorge Alcala,no_scp_url
Livan Soto,no_scp_url
Payton Henry,no_scp_url
Alex Speas,no_scp_url
Alex Vesia,no_scp_url
Ben Braymer,no_scp_url
Brenton Doyle,no_scp_url
Bryce Elder,no_scp_url
Chris Gittens,no_scp_url
Cody Bolton,no_scp_url
Curtis Terry,no_scp_url
Drew Millas,no_scp_url
Ezequiel Duran,no_scp_url
Ford Proctor,no_scp_url
Gabriel Moreno,no_scp_url
Hogan Harris,no_scp_url
Jonathan Stiever,no_scp_url
Karl Kauffmann,no_scp_url
Lewin Diaz,no_scp_url
Logan O'Hoppe,no_scp_url
Michael Massey,no_scp_url
Packy Naughton,no_scp_url
Ryan Pepiot,no_scp_url
Taylor Jones,no_scp_url
Tucupita Marcano,no_scp_url
Tyler Ivey,no_scp_url
Vaughn Grissom,no_scp_url
Yoendrys Gomez,no_scp_url
Angel Rondon,no_scp_url
Austin Cox,no_scp_url
Ben Casparius,no_scp_url
Bryan Ramos,no_scp_url
Carlos Rodriguez,no_scp_url
Christian Scott,no_scp_url
Gregory Santos,no_scp_url
Jake Eder,no_scp_url
Johan Rojas,no_scp_url
Jordan Diaz,no_scp_url
Jose Butto,no_scp_url
Josh Winckowski,no_scp_url
Juan Then,no_scp_url
Justin Martinez,no_scp_url
Kyle Hurt,no_scp_url
Luis Frias,no_scp_url
Tanner Bibee,no_scp_url
Tyler Gentry,no_scp_url
Braxton Fulford,no_scp_url
Cade Marlowe,no_scp_url
Daylen Lile,no_scp_url
Denzel Clarke,no_scp_url
Drake Baldwin,no_scp_url
Dylan Dodd,no_scp_url
Enmanuel Valdez,no_scp_url
Evan Lee,no_scp_url
Gavin Stone,no_scp_url
Graham Ashcraft,no_scp_url
Jordan Wicks,no_scp_url
Jorge Barrosa,no_scp_url
Jose Fermin,no_scp_url
Maikel Garcia,no_scp_url
Randy Vasquez,no_scp_url
Ronny Henriquez,no_scp_url
Ryan Bliss,no_scp_url
Taj Bradley,no_scp_url
Tyler Locklear,no_scp_url
Victor Mederos,no_scp_url
Victor Scott II,no_scp_url
Zach Maxwell,no_scp_url
Abner Uribe,no_scp_url
Ben Brown,no_scp_url
Blade Tidwell,no_scp_url
Blaine Crim,no_scp_url
Brandon Walter,no_scp_url
Brett Wisely,no_scp_url
Caden Dana,no_scp_url
Cristian Mena,no_scp_url
Dominic Canzone,no_scp_url
Gordon Graceffo,no_scp_url
Hayden Juenger,no_scp_url
Javier Sanoja,no_scp_url
Joey Estes,no_scp_url
Joey Ortiz,no_scp_url
Kyler Fedko,no_scp_url
Luis Perales,no_scp_url
Nick Morabito,no_scp_url
Prelander Berroa,no_scp_url
Shay Whitcomb,no_scp_url
Tim Tawa,no_scp_url
Troy Johnston,no_scp_url
Wikelman Gonzalez,no_scp_url
Will Warren,no_scp_url
Wilmer Flores,no_scp_url
Wilyer Abreu,no_scp_url
Yosver Zulueta,no_scp_url
Andrew Walters,no_scp_url
Brandon Sproat,no_scp_url
Jesus Rodriguez,no_scp_url
Jose Fernandez,no_scp_url
Justin Wrobleski,no_scp_url
Kendry Rojas,no_scp_url
Khristian Curtis,no_scp_url
Luinder Avila,no_scp_url
Luis De Leon,no_scp_url
Luis Guerrero,no_scp_url
Payton Tolle,no_scp_url
Ryan Johnson,no_scp_url
Sam Antonacci,no_scp_url
Trey Yesavage,no_scp_url
Ty Madden,no_scp_url
Brody Hopkins,no_scp_url
Cade Smith,no_scp_url
Chase Dollander,no_scp_url
Ethan Pecko,no_scp_url
Kyle Karros,no_scp_url
Miguel Ullola,no_scp_url
Mike Vasil,no_scp_url
baseball-cards-2015-bowman-draft-chrome/alex-young-32,parse:KeyError
baseball-cards-2015-bowman-chrome-prospects/bobby-bradley-bcp181,parse:KeyError
baseball-cards-2015-bowman-draft-chrome/dillon-tate-50,parse:KeyError
baseball-cards-2015-bowman-chrome-prospects/fernando-perez-bcp9,parse:KeyError
baseball-cards-2017-bowman-draft-chrome/marcos-diplan-bdc16,parse:KeyError
baseball-cards-2015-bowman-draft-chrome/mariano-rivera-114,parse:KeyError
baseball-cards-2017-bowman-chrome-prospects/nick-neidert-bcp-126,parse:KeyError
Sergio Alcantara,no_scp_url
baseball-cards-2015-bowman-draft-chrome/tyler-nevin-111,parse:KeyError
Ben Bowden,no_scp_url
baseball-cards-2017-bowman-draft-chrome/chris-okey-bdc163,parse:KeyError
baseball-cards-2017-bowman-draft-chrome/corey-ray-bdc98,parse:KeyError
baseball-cards-2017-bowman-chrome-prospects/nolan-jones-bcp-69,parse:KeyError
Ricardo Sanchez,no_scp_url
Ronnie Dawson,no_scp_url
baseball-cards-2017-bowman-draft-chrome/brian-miller-bdc45,parse:KeyError
baseball-cards-2017-bowman-draft-chrome/ernie-clement-bdc88,soft_404
Griffin Jax,no_scp_url
baseball-cards-2017-bowman-draft-chrome/hans-crouse-bdc33,parse:KeyError
baseball-cards-2017-bowman-draft-chrome/joe-perez-bdc187,parse:KeyError
Jose Azocar,no_scp_url
baseball-cards-2017-bowman-draft-chrome/mj-melendez-bdc-172,parse:KeyError
Ryan Howard,no_scp_url
baseball-cards-2017-bowman-draft-chrome/zac-lowther-bdc94,parse:KeyError
Braxton Ashcraft,no_scp_url
Carlos Cortes,no_scp_url
Darick Hall,no_scp_url
Griffin Conine,no_scp_url
Jake Wong,no_scp_url
Joe Dunand,no_scp_url
Kody Clemens,no_scp_url
baseball-cards-2018-bowman-chrome-prospects/nick-allen-bcp-158,soft_404
Owen White,no_scp_url
Will Banfield,no_scp_url
Adam Kloffenstein,no_scp_url
Tyler Phillips,no_scp_url
Andy Pages,no_scp_url
Austin Shenton,no_scp_url
Christian Koss,no_scp_url
Drew Avans,no_scp_url
Eric Orze,no_scp_url
Erik Miller,no_scp_url
Max Lazar,no_scp_url
Pedro Pages,no_scp_url
Ricky Vanasco,no_scp_url
Will Holland,no_scp_url
Beck Way,no_scp_url
Eddy Yean,no_scp_url
Eric Cerantola,no_scp_url
Jose Baez,no_scp_url
Mitch Bratt,no_scp_url
Nick Frasso,no_scp_url
Pedro Martinez,no_scp_url
Tanner Murray,no_scp_url
Adam Macko,no_scp_url
BJ Murray Jr.,no_scp_url
Christian Franklin,no_scp_url
John Fox,no_scp_url
Juan Guerrero,no_scp_url
Sterlin Thompson,no_scp_url
Tanner McDougal,no_scp_url
Tyler Collins,no_scp_url
Tyler Schweitzer,no_scp_url
Andrew Taylor,no_scp_url
Joe Stewart,no_scp_url
Robert Moore,no_scp_url
Ramon Ramirez,no_scp_url
Sam Shaw,no_scp_url
Aaron Brown,no_scp_url
baseball-cards-2015-bowman-chrome-prospects/amaurys-minier-bcp191,parse:KeyError
Arquimedes Gamboa,no_scp_url
baseball-cards-2015-bowman-draft-chrome/austin-smith-180,parse:KeyError
baseball-cards-2015-bowman-draft-chrome/brett-lilek-61,parse:KeyError
baseball-cards-2015-bowman-chrome-prospects/casey-gillaspie-bcp216,parse:KeyError
Casey Soltis,no_scp_url
baseball-cards-2015-bowman-draft-chrome/chris-betts-194,parse:KeyError
baseball-cards-2015-bowman-draft-chrome/desmond-lindsay-45,parse:KeyError
baseball-cards-2015-bowman-draft-chrome/donnie-dewees-16,parse:KeyError
Drew Dosch,no_scp_url
baseball-cards-2015-bowman-draft-chrome/drew-finley-173,parse:KeyError
baseball-cards-2015-bowman-draft-chrome/eric-jenkins-165,parse:KeyError
baseball-cards-2015-bowman-draft-chrome/garrett-whitley-84,parse:KeyError
baseball-cards-2017-bowman-chrome-prospects/isael-soto-bcp-129,parse:KeyError
Julian Leon,no_scp_url
baseball-cards-2015-bowman-draft-chrome/kyle-holder-27,parse:KeyError
baseball-cards-2015-bowman-chrome-prospects/logan-moon-bcp10,parse:KeyError
baseball-cards-2015-bowman-draft-chrome/lucas-herbert-41,parse:KeyError
baseball-cards-2015-bowman-chrome-prospects/luis-ysla-bcp198,parse:KeyError
baseball-cards-2015-bowman-draft-chrome/max-wotell-103,parse:KeyError
baseball-cards-2015-bowman-draft-chrome/michael-matuella-70,parse:KeyError
baseball-cards-2015-bowman-chrome-prospects/michael-de-leon-bcp249,parse:KeyError
baseball-cards-2015-bowman-draft-chrome/mike-nikorak-31,parse:KeyError
Milton Ramos,no_scp_url
baseball-cards-2015-bowman-chrome-prospects/nolan-sanburn-bcp177,parse:KeyError
baseball-cards-2015-bowman-draft-chrome/richie-martin-117,parse:KeyError
Ronnie Williams,no_scp_url
baseball-cards-2015-bowman-chrome-prospects/simon-mercedes-bcp215,parse:KeyError
baseball-cards-2015-bowman-chrome-prospects/trace-loehr-bcp167,parse:KeyError
baseball-cards-2018-bowman-chrome-prospects/cj-chatham-bcp-117,parse:KeyError
Connor Jones,no_scp_url
Corey Zangari,no_scp_url
Jeison Guzman,no_scp_url
Joe Rizzo,no_scp_url
Jordan Stephens,no_scp_url
baseball-cards-2016-bowman-chrome-prospects/mikey-white-bcp-44,parse:KeyError
Nolan Martinez,no_scp_url
baseball-cards-2017-bowman-chrome-prospects/oscar-de-la-cruz-bcp-72,parse:KeyError
Robert Tyler,no_scp_url
Tim Lynch,no_scp_url
Alberto Tirado,no_scp_url
Andrew Calica,no_scp_url
baseball-cards-2017-bowman-draft-chrome/brendan-murphy-bdc149,parse:KeyError
baseball-cards-2017-bowman-draft-chrome/caden-lemons-bdc66,parse:KeyError
baseball-cards-2017-bowman-draft-chrome/cole-brannen-bdc193,parse:KeyError
Cole Stobbe,no_scp_url
Gage Hinsz,no_scp_url
Grayson Long,no_scp_url
Logan Ice,no_scp_url
baseball-cards-2017-bowman-draft-chrome/morgan-cooper-bdc30,parse:KeyError
Nick Banks,no_scp_url
Ofelky Peralta,no_scp_url
baseball-cards-2017-bowman-draft-chrome/quentin-holmes-bdc118,parse:KeyError
baseball-cards-2017-bowman-draft-chrome/quinn-brodey-bdc24,parse:KeyError
baseball-cards-2017-bowman-draft-chrome/riley-mahan-bdc132,parse:KeyError
Antoni Flores,no_scp_url
Brayan Hernandez,no_scp_url
Brett Cumberland,no_scp_url
Cadyn Grenier,no_scp_url
Carlos Rincon,no_scp_url
Chris DeVito,no_scp_url
Cole Freeman,no_scp_url
Connor Scott,no_scp_url
Greyson Jenista,no_scp_url
Griffin Roberts,no_scp_url
Jake Ring,no_scp_url
Jayson Schroeder,no_scp_url
Jeremy Eierman,no_scp_url
Joe Gray,no_scp_url
Jose Gomez,no_scp_url
Josh Breaux,no_scp_url
Josh Stowers,no_scp_url
Lenny Torres,no_scp_url
Matthias Dietz,no_scp_url
Nick Fanti,no_scp_url
Nick Schnell,no_scp_url
Osiris Johnson,no_scp_url
Ryder Green,no_scp_url
Tanner Dodson,no_scp_url
Tristan Pompey,no_scp_url
Tyler Frank,no_scp_url
Willie Abreu,no_scp_url
Blaine Knight,no_scp_url
Durbin Feltman,no_scp_url
Gregory Guerrero,no_scp_url
Jonatan Machado,no_scp_url
Melvin Adon,no_scp_url
Telmito Agustin,no_scp_url
Adam Hill,no_scp_url
Anthony Garcia,no_scp_url
Austin Hansen,no_scp_url
Bradlee Beesley,no_scp_url
Brady Whalen,no_scp_url
Brandon Howlett,no_scp_url
Brandon Lewis,no_scp_url
Bryant Packard,no_scp_url
Bryce Ball,no_scp_url
Chandler Redmond,no_scp_url
Colin Barber,no_scp_url
Connor Cannon,no_scp_url
Cooper Johnson,no_scp_url
Devin Mann,no_scp_url
Diosbel Arias,no_scp_url
Dylan File,no_scp_url
Erik Rivera,no_scp_url
Ethan Lindow,no_scp_url
Graeme Stinson,no_scp_url
Gunner Mayer,no_scp_url
Hector Yan,no_scp_url
Jeff Hakanson,no_scp_url
Jhon Torres,no_scp_url
Joan Martinez,no_scp_url
Joe Genord,no_scp_url
Jordan Brewer,no_scp_url
Anthony Solometo,no_scp_url
Anthony Walters,no_scp_url
Baron Radcliff,no_scp_url
Breidy Encarnacion,no_scp_url
Carson Taylor,no_scp_url
Chih-Jung Liu,no_scp_url
D'Shawn Knowles,no_scp_url
Daniel Montano,no_scp_url
Darryl Collins,no_scp_url
David Garcia,no_scp_url
Dylan MacLean,no_scp_url
Eduarqui Fernandez,no_scp_url
Elijah Dunham,no_scp_url
Ethan Hearn,no_scp_url
Gabriel Maciel,no_scp_url
George Feliz,no_scp_url
Hyun-il Choi,no_scp_url
J.D. Orr,no_scp_url
Jackson Cluff,no_scp_url
Jagger Haynes,no_scp_url
Jeferson Espinal,no_scp_url
Jeremy Wu-Yelland,no_scp_url
Jesus Parra,no_scp_url
Ji-Hwan Bae,no_scp_url
baseball-cards-2021-bowman-chrome-prospects/julio-carreras-bcp-161,parse:KeyError
Kale Emshoff,no_scp_url
Koen Moreno,no_scp_url
Kohl Franklin,no_scp_url
Luis Mieses,no_scp_url
Luis Santana,no_scp_url
Marcus Smith,no_scp_url
Mariel Bautista,no_scp_url
Matt Scheffler,no_scp_url
Max Ferguson,no_scp_url
Michael Guldberg,no_scp_url
Michael McAvene,no_scp_url
Pablo Abreu,no_scp_url
Rafael Morel,no_scp_url
Rayner Santana,no_scp_url
Riley Thompson,no_scp_url
Sandy Gaston,no_scp_url
Santiago Florez,no_scp_url
Sean Roby,no_scp_url
Stevie Emanuels,no_scp_url
Taylor Dollard,no_scp_url
Tucker Bradley,no_scp_url
Tyler Keenan,no_scp_url
Viandel Pena,no_scp_url
Zane Mills,no_scp_url
Alejandro Hidalgo,no_scp_url
Alexander Ovalles,no_scp_url
Alexander Suarez,no_scp_url
Andy Thomas,no_scp_url
Antonio Pinero,no_scp_url
Austin Schultz,no_scp_url
Brandol Mezquita,no_scp_url
Brandon Birdsell,no_scp_url
CJ Rodriguez,no_scp_url
Cade Doughty,no_scp_url
Cal Conley,no_scp_url
Charlie Welch,no_scp_url
Collin Burns,no_scp_url
Cooper Bowman,no_scp_url
Creed Willems,no_scp_url
Cristian Gonzalez,no_scp_url
D'Andre Smith,no_scp_url
Damiano Palmegiani,no_scp_url
Daniel McElveny,no_scp_url
David McCabe,no_scp_url
Dayton Dooney,no_scp_url
Donta Williams,no_scp_url
Douglas Hodo III,no_scp_url
Dylan DeLucia,no_scp_url
Eduardo Vaughan,no_scp_url
Elijah Cabell,no_scp_url
Estanli Castillo,no_scp_url
Federico Polanco,no_scp_url
Gavin Conticello,no_scp_url
Greg Cullen,no_scp_url
Herard Gonzalez,no_scp_url
Hunter Patteson,no_scp_url
Isaac De Leon,no_scp_url
JT Schwartz,no_scp_url
Jack Herman,no_scp_url
Jaden Rudd,no_scp_url
Jake Rucker,no_scp_url
Jared Poland,no_scp_url
Jarlin Susana,no_scp_url
JoJo Blackmon,no_scp_url
John Rhodes,no_scp_url
Juan Querecuto,no_scp_url
Kevin Kendall,no_scp_url
Liam Spence,no_scp_url
Luis Chevalier,no_scp_url
Mason Albright,no_scp_url
Mason Auer,no_scp_url
baseball-cards-2015-bowman-draft-chrome/ashe-russell-14,parse:KeyError
Juan Meza,no_scp_url
Daniel Gonzalez,no_scp_url
Danny Diaz,no_scp_url
Junior Santos,no_scp_url
Kala'i Rosario,no_scp_url
Kendall Simmons,no_scp_url
Lency Delgado,no_scp_url
Leonel Valera,no_scp_url
Levi Kelly,no_scp_url
Micah Bello,no_scp_url
Nick Kahle,no_scp_url
Omar Estevez,no_scp_url
Osiel Rodriguez,no_scp_url
Paul Richan,no_scp_url
Raimfer Salinas,no_scp_url
Randy Florentino,no_scp_url
Saul Garza,no_scp_url
Seth Gray,no_scp_url
Stephen Paolini,no_scp_url
Tahnaj Thomas,no_scp_url
Thomas Dillard,no_scp_url
Tony Dibrell,no_scp_url
Trey Harris,no_scp_url
Tyler Dyson,no_scp_url
Wilderd Patino,no_scp_url
Zach Watson,no_scp_url
Zack Hess,no_scp_url
Adam Kerner,no_scp_url
Aldo Ramirez,no_scp_url
Franyel Baez,no_scp_url
Malfrin Sosa,no_scp_url
William Holmes,no_scp_url
Gavin Tonkel,no_scp_url
Larry Ernesto,no_scp_url
Nathan Hickey,no_scp_url
Nathan Martorella,no_scp_url
Noah Miller,no_scp_url
Pablo Aliendo,no_scp_url
Parker Chavers,no_scp_url
Quincy Hamilton,no_scp_url
Reed Trimble,no_scp_url
Roilan Machandy,no_scp_url
Sebastian Espino,no_scp_url
Silas Ardoin,no_scp_url
Thomas Farr,no_scp_url
Tucker Toman,no_scp_url
Tyler Hardman,no_scp_url
Tyler Stuart,no_scp_url
Tyler Whitaker,no_scp_url
Victor Mesia,no_scp_url
Wilmin Candelario,no_scp_url
Yan Contreras,no_scp_url
Yeison Santana,no_scp_url
Zion Bannister,no_scp_url
Adam Crampton,no_scp_url
Andy Perez,no_scp_url
Ben Metzinger,no_scp_url
Bjay Cooke,no_scp_url
Braylin Tavera,no_scp_url
Brennan Milone,no_scp_url
Bryan Rincon,no_scp_url
Bryant Betancourt,no_scp_url
Cade Hunter,no_scp_url
Calvin Harris,no_scp_url
Carlos De La Cruz,no_scp_url
Chase Estep,no_scp_url
Chris Newell,no_scp_url
Clark Elliott,no_scp_url
Colin Peluse,no_scp_url
Connor Staine,no_scp_url
Damon Keith,no_scp_url
Daniel Mateo,no_scp_url
Danny Serretti,no_scp_url
Dario Borrero,no_scp_url
Dario Laverde,no_scp_url
Demetrio Crisantes,no_scp_url
Diego Hernandez,no_scp_url
Diego Mosquera,no_scp_url
Eddy Beltre,no_scp_url
Enmanuel Terrero,no_scp_url
Everett Cooper III,no_scp_url
Fredy Michel,no_scp_url
Geraldo Quintero,no_scp_url
Griff McGarry,no_scp_url
Hayden Dunhurst,no_scp_url
Jack Pineda,no_scp_url
Jackson Ferris,no_scp_url
Jadiel Sanchez,no_scp_url
Jair Casanova,no_scp_url
Javier Valdes,no_scp_url
Jesus Bastidas,no_scp_url
Jesus Bugarin,no_scp_url
Jhonny Piron,no_scp_url
Joel Diaz,no_scp_url
Jordy Vargas,no_scp_url
Jorel Ortega,no_scp_url
Josh Hood,no_scp_url
Juan Carela,no_scp_url
Juan Corniel,no_scp_url
Junior Franco,no_scp_url
Junior Marin,no_scp_url
Junior Tilien,no_scp_url
Kristin Munroe,no_scp_url
Lamar King Jr.,no_scp_url
Luis Ravelo,no_scp_url
Luis Reyes,no_scp_url
Luke Berryhill,no_scp_url
Luke Gold,no_scp_url
Maick Collado,no_scp_url
Marco Vargas,no_scp_url
Matthew Wood,no_scp_url
Nick Vogt,no_scp_url
Omari Daniel,no_scp_url
Paul McIntosh,no_scp_url
Peyton Williams,no_scp_url
Ricardo Olivar,no_scp_url
Ronald Hernandez,no_scp_url
Royber Salinas,no_scp_url
Samil De La Rosa,no_scp_url
Sem Robberse,no_scp_url
Spence Coffman,no_scp_url
Tommy Specht,no_scp_url
Torin Montgomery,no_scp_url
Trey Faltine,no_scp_url
Vaun Brown,no_scp_url
Wuilfredo Antunez,no_scp_url
Yeniel Laboy,no_scp_url
Yoander Rivero,no_scp_url
Yonatan Henriquez,no_scp_url
Aaron Parker,no_scp_url
Abdias De La Cruz,no_scp_url
Adler Cecil,no_scp_url
Adrian De Leon,no_scp_url
baseball-cards-2024-bowman-chrome-prospects/adriel-radney-bcp-191,soft_404
Aiden May,no_scp_url
Alfonsin Rosario,no_scp_url
Alfredo Alcantara,no_scp_url
Aneudis Mordan,no_scp_url
Anibal Salas,no_scp_url
Ariel Armas,no_scp_url
Bairon Ledesma,no_scp_url
Barrett Kent,no_scp_url
Ben Hess,no_scp_url
Bennett Lee,no_scp_url
Bernard Moon,no_scp_url
Billy Amick,no_scp_url
Blake Burke,no_scp_url
Blake Larson,no_scp_url
Blake Wright,no_scp_url
Boston Baro,no_scp_url
Boston Bateman,no_scp_url
Brady Cerkownyk,no_scp_url
Brandon Neely,no_scp_url
Braylon Doughty,no_scp_url
Brian Holiday,no_scp_url
Bryce Meccage,no_scp_url
Carlos Batista,no_scp_url
Carson DeMartini,no_scp_url
Carter Holton,no_scp_url
Carter Johnson,no_scp_url
Carter Mathison,no_scp_url
Casey Cook,no_scp_url
Casey Saucke,no_scp_url
Cesar Quintas,no_scp_url
Chandler Pollard,no_scp_url
Chase Harlan,no_scp_url
Chris Cortez,no_scp_url
Clayton Campbell,no_scp_url
Cole Mathis,no_scp_url
Cole Messina,no_scp_url
Connor Foley,no_scp_url
Cristopher Larez,no_scp_url
Daniel Eagen,no_scp_url
Dominic Pitelli,no_scp_url
Drew Beam,no_scp_url
Dylan Dreiling,no_scp_url
Eddie Rynders,no_scp_url
Eli Serrano,no_scp_url
Erick Bautista,no_scp_url
Erick Torres,no_scp_url
Ethan Schiefelbein,no_scp_url
Felix Taveras,no_scp_url
Fenwick Trimble,no_scp_url
Fraymi De Leon,no_scp_url
Gabriel Lara,no_scp_url
Gage Miller,no_scp_url
Gage Ziehl,no_scp_url
Gavin Dugas,no_scp_url
Griff O'Ferrall,no_scp_url
Griffin Burkholder,no_scp_url
Guillermo Williamson,no_scp_url
Herick Hernandez,no_scp_url
Ivan Luciano,no_scp_url
Iverson Allen,no_scp_url
Jacob Cozart,no_scp_url
Jaeden Calderon,no_scp_url
Jaime Ferrer,no_scp_url
Jancory De La Cruz,no_scp_url
Janero Miller,no_scp_url
Jaron DeBerry,no_scp_url
Javier Francisco,no_scp_url
Jeffry Rosa,no_scp_url
Jeremy Rodriguez,no_scp_url
John Spikerman,no_scp_url
Johnny King,no_scp_url
Jonathan Santucci,no_scp_url
Jorge Marcheco,no_scp_url
Josh Adamczewski,no_scp_url
Josh Caron,no_scp_url
Kalae Harrison,no_scp_url
Kannon Kemp,no_scp_url
Kavares Tears,no_scp_url
Kelvin Hidalgo,no_scp_url
Khal Stephen,no_scp_url
Kodey Shojinaga,no_scp_url
Kyle Henley,no_scp_url
Leiker Figueroa,no_scp_url
Levi Sterling,no_scp_url
Luis Suisbel,no_scp_url
Luke Holman,no_scp_url
Maikol Orozco,no_scp_url
Marco Corcho,no_scp_url
Marvin Alcantara,no_scp_url
Mason McGwire,no_scp_url
Milo Rushford,no_scp_url
Nate Dohm,no_scp_url
Nathan Flewelling,no_scp_url
Nehomar Ochoa Jr.,no_scp_url
Neyfy Castillo,no_scp_url
Nick McLain,no_scp_url
Nick Mitchell,no_scp_url
Nick Montgomery,no_scp_url
Parker Smith,no_scp_url
Peyton Graham,no_scp_url
Quincy Scott,no_scp_url
Rafe Schlesinger,no_scp_url
Randal Diaz,no_scp_url
Raudi Rodriguez,no_scp_url
Rodney Green,no_scp_url
Rolphy Cruz,no_scp_url
Ryan Campos,no_scp_url
Samuel Gil,no_scp_url
Stanley Consuegra,no_scp_url
Stone Russell,no_scp_url
Tavian Josenberger,no_scp_url
Thomas Ireland,no_scp_url
Thomas Sosa,no_scp_url
Trey Snyder,no_scp_url
Ty Southisene,no_scp_url
Tyson Neighbors,no_scp_url
Tytus Cissell,no_scp_url
Walker Martin,no_scp_url
Wilfredo Lara,no_scp_url
Will Bush,no_scp_url
Will Verdung,no_scp_url
Yaikel Mijares,no_scp_url
Yoffry Solano,no_scp_url
Yohairo Cuevas,no_scp_url
Yoiber Ocopio,no_scp_url
Yoniel Curet,no_scp_url
Yordanny Monegro,no_scp_url
Angel Cepeda,no_scp_url
Corey Cousin,no_scp_url
Darison Garcia,no_scp_url
Henry Baez,no_scp_url
Jadyn Fielder,no_scp_url
Javier Vaz,no_scp_url
Matthew Etzel,no_scp_url
Mavis Graves,no_scp_url
Natanael Yuten,no_scp_url
Nick Lorusso,no_scp_url
Sabier Marte,no_scp_url
Trevor Harrison,no_scp_url
Zander Darby,no_scp_url
Trey Dombroski III,no_scp_url
