player_name,class_year,reason
Conor Biggio,2015,no_exact_match
Corelle Prime,2015,no_exact_match
Joe Wendle,2015,no_exact_match
Trent Clark,2015,no_exact_match
Wimer Difo,2015,no_exact_match
Zach Bird,2015,no_exact_match
Antonio Santillan,2016,no_exact_match
Buddy Reed,2016,no_exact_match
Daniel Poncedeleon,2016,no_exact_match
Eddy Julio Martinez,2016,no_exact_match
Javier Guerra,2016,no_exact_match
Joshua Lowe,2016,no_exact_match
Oneal Cruz,2016,no_exact_match
Wei Chieh Huang,2016,no_exact_match
Chih Wei Hu,2017,no_exact_match
Christopher Seise,2017,no_exact_match
Isaiah White,2017,no_exact_match
Lazarito Armenteros,2017,no_exact_match
Mitchell White,2017,no_exact_match
Greg Soto,2018,no_exact_match
Leonardo Rivas,2018,no_exact_match
Noah Naylor,2018,no_exact_match
Shao Ching Chiang,2018,no_exact_match
Cam Roegner,2019,no_exact_match
Cameron Cannon,2019,no_exact_match
Leonardo Jimenez,2019,no_exact_match
Mike Siani,2019,no_exact_match
Quintin Torres Costa,2019,no_exact_match
Canaan Smith,2020,no_exact_match
Daxton Fulton,2020,no_exact_match
Glenallen Hill Jr.,2020,no_exact_match
Philip Clarke,2020,no_exact_match
Thad Ward,2020,no_exact_match
Dominic Hamel,2021,no_exact_match
Jose Bonilla,2021,ambiguous:directory duplicate candidate 678593 at sport 14 season 2021; candidate 682661 at sport 14 season 2021
Mac Wainwright,2021,no_exact_match
Matheu Nelson,2021,no_exact_match
Rikelvin De Castro,2021,no_exact_match
Steven Hajjar,2021,no_exact_match
T. J. White,2021,no_exact_match
Benjamin Cowles,2022,no_exact_match
Cameron Cauley,2022,no_exact_match
Cole Phillips,2022,no_exact_match
Dominic Keegan,2022,no_exact_match
Ignacio Alvarez,2022,no_exact_match
Leonardo Balcazar,2022,no_exact_match
Michael Burrows,2022,no_exact_match
Ricardo Cabrera,2022,no_exact_match
Brandon Mayea,2023,no_exact_match
Jun Seok Shim,2023,no_exact_match
Leonardo Bernal,2023,no_exact_match
Mairoshendrick Martinus,2023,no_exact_match
Nikau Pouaka Grego,2023,no_exact_match
TayShaun Walton,2023,no_exact_match
Zach Thornton,2023,no_exact_match
Filippo Di Turri,2024,no_exact_match
Gino Groover,2024,no_exact_match
Jensy Rivas,2024,no_exact_match
Josh Kuroda-Grauer,2024,no_exact_match
Bryce Boettcher,2025,no_exact_match
Cameron Maldonado,2025,no_exact_match
Cameron Sullivan,2025,no_exact_match
Christopher Suero,2025,no_exact_match
Griffin Hugus,2025,no_exact_match
Ichiro Cano Hernandez,2025,no_exact_match
Peter Kussow,2025,no_exact_match
Yeremi Cabrera,2025,no_exact_match
Akeel Morris,2015,no_base_card
Brett Graves,2015,no_base_card
Darnell Sweeney,2015,no_base_card
Hector Olivera,2015,no_base_card
Miguel Castro,2015,no_base_card
Nick Pivetta,2015,no_base_card
Steven Okert,2015,no_base_card
Victor Arano,2015,no_base_card
Adam Engel,2016,no_base_card
Cavan Biggio,2016,no_base_card
David Hess,2016,no_base_card
Jake Fraley,2016,no_base_card
Jesus Tinoco,2016,no_base_card
Joe Musgrove,2016,no_base_card
Jordan Patterson,2016,no_base_card
Tyler White,2016,no_base_card
Dinelson Lamet,2017,no_base_card
Lewis Brinson,2017,no_base_card
Luis Arraez,2017,no_base_card
Magneuris Sierra,2017,no_base_card
Meibrys Viloria,2017,no_base_card
Miguel Gomez,2017,no_base_card
Akil Baddoo,2018,no_base_card
Alex Wells,2018,no_base_card
Cedric Mullins,2018,no_base_card
Edward Olivares,2018,no_base_card
Edwin Rios,2018,no_base_card
Heath Fillmyer,2018,no_base_card
Jaime Barria,2018,no_base_card
Jake McCarthy,2018,no_base_card
Jake Rogers,2018,no_base_card
Joey Lucchesi,2018,no_base_card
Jonathan Loaisiga,2018,no_base_card
Jose Siri,2018,no_base_card
Kris Bubic,2018,no_base_card
Luis Escobar,2018,no_base_card
Mike Shawaryn,2018,no_base_card
Ranger Suarez,2018,no_base_card
Ryan Jeffers,2018,no_base_card
Seth Romero,2018,no_base_card
Trevor Oaks,2018,no_base_card
Abraham Toro,2019,no_base_card
Brandon Bielak,2019,no_base_card
Cal Raleigh,2019,no_base_card
Carlos Hernandez,2019,no_base_card
Cole Irvin,2019,no_base_card
Edwin Uceta,2019,no_base_card
James Bourque,2019,no_base_card
Jared Oliva,2019,no_base_card
Jorge Alcala,2019,no_base_card
Livan Soto,2019,no_base_card
Payton Henry,2019,no_base_card
Alex Speas,2020,no_base_card
Alex Vesia,2020,no_base_card
Ben Braymer,2020,no_base_card
Brenton Doyle,2020,no_base_card
Bryce Elder,2020,no_base_card
Chris Gittens,2020,no_base_card
Cody Bolton,2020,no_base_card
Curtis Terry,2020,no_base_card
Drew Millas,2020,no_base_card
Ezequiel Duran,2020,no_base_card
Ford Proctor,2020,no_base_card
Gabriel Moreno,2020,no_base_card
Hogan Harris,2020,no_base_card
Jonathan Stiever,2020,no_base_card
Karl Kauffmann,2020,no_base_card
Lewin Diaz,2020,no_base_card
Logan O'Hoppe,2020,no_base_card
Michael Massey,2020,no_base_card
Packy Naughton,2020,no_base_card
Ryan Pepiot,2020,no_base_card
Taylor Jones,2020,no_base_card
Tucupita Marcano,2020,no_base_card
Tyler Ivey,2020,no_base_card
Vaughn Grissom,2020,no_base_card
Yoendrys Gomez,2020,no_base_card
Angel Rondon,2021,no_base_card
Austin Cox,2021,no_base_card
Ben Casparius,2021,no_base_card
Bryan Ramos,2021,no_base_card
Carlos Rodriguez,2021,no_base_card
Christian Scott,2021,no_base_card
Gregory Santos,2021,no_base_card
Jake Eder,2021,no_base_card
Johan Rojas,2021,no_base_card
Jordan Diaz,2021,no_base_card
Jose Butto,2021,no_base_card
Josh Winckowski,2021,no_base_card
Juan Then,2021,no_base_card
Justin Martinez,2021,no_base_card
Kyle Hurt,2021,no_base_card
Luis Frias,2021,no_base_card
Tanner Bibee,2021,no_base_card
Tyler Gentry,2021,no_base_card
Braxton Fulford,2022,no_base_card
Cade Marlowe,2022,no_base_card
Daylen Lile,2022,no_base_card
Denzel Clarke,2022,no_base_card
Drake Baldwin,2022,no_base_card
Dylan Dodd,2022,no_base_card
Enmanuel Valdez,2022,no_base_card
Evan Lee,2022,no_base_card
Gavin Stone,2022,no_base_card
Graham Ashcraft,2022,no_base_card
Jordan Wicks,2022,no_base_card
Jorge Barrosa,2022,no_base_card
Jose Fermin,2022,no_base_card
Maikel Garcia,2022,no_base_card
Randy Vasquez,2022,no_base_card
Ronny Henriquez,2022,no_base_card
Ryan Bliss,2022,no_base_card
Taj Bradley,2022,no_base_card
Tyler Locklear,2022,no_base_card
Victor Mederos,2022,no_base_card
Victor Scott II,2022,no_base_card
Zach Maxwell,2022,no_base_card
Abner Uribe,2023,no_base_card
Ben Brown,2023,no_base_card
Blade Tidwell,2023,no_base_card
Blaine Crim,2023,no_base_card
Brandon Walter,2023,no_base_card
Brett Wisely,2023,no_base_card
Caden Dana,2023,no_base_card
Cristian Mena,2023,no_base_card
Dominic Canzone,2023,no_base_card
Gordon Graceffo,2023,no_base_card
Hayden Juenger,2023,no_base_card
Javier Sanoja,2023,no_base_card
Joey Estes,2023,no_base_card
Joey Ortiz,2023,no_base_card
Kyler Fedko,2023,no_base_card
Luis Perales,2023,no_base_card
Nick Morabito,2023,no_base_card
Prelander Berroa,2023,no_base_card
Shay Whitcomb,2023,no_base_card
Tim Tawa,2023,no_base_card
Troy Johnston,2023,no_base_card
Wikelman Gonzalez,2023,no_base_card
Will Warren,2023,no_base_card
Wilmer Flores,2023,no_base_card
Wilyer Abreu,2023,no_base_card
Yosver Zulueta,2023,no_base_card
Andrew Walters,2024,no_base_card
Brandon Sproat,2024,no_base_card
Jesus Rodriguez,2024,no_base_card
Jose Fernandez,2024,no_base_card
Justin Wrobleski,2024,no_base_card
Kendry Rojas,2024,no_base_card
Khristian Curtis,2024,no_base_card
Luinder Avila,2024,no_base_card
Luis De Leon,2024,no_base_card
Luis Guerrero,2024,no_base_card
Payton Tolle,2024,no_base_card
Ryan Johnson,2024,no_base_card
Sam Antonacci,2024,no_base_card
Trey Yesavage,2024,no_base_card
Ty Madden,2024,no_base_card
Brody Hopkins,2025,no_base_card
Cade Smith,2025,no_base_card
Chase Dollander,2025,no_base_card
Ethan Pecko,2025,no_base_card
Kyle Karros,2025,no_base_card
Miguel Ullola,2025,no_base_card
Mike Vasil,2025,no_base_card
Sergio Alcantara,2015,no_base_card
Ben Bowden,2016,no_base_card
Ricardo Sanchez,2016,no_base_card
Ronnie Dawson,2016,no_base_card
Griffin Jax,2017,no_base_card
Jose Azocar,2017,no_base_card
Ryan Howard,2017,no_base_card
Braxton Ashcraft,2018,no_base_card
Carlos Cortes,2018,no_base_card
Darick Hall,2018,no_base_card
Griffin Conine,2018,no_base_card
Jake Wong,2018,no_base_card
Joe Dunand,2018,no_base_card
Kody Clemens,2018,no_base_card
Owen White,2018,no_base_card
Will Banfield,2018,no_base_card
Adam Kloffenstein,2019,no_base_card
Tyler Phillips,2019,no_base_card
Andy Pages,2020,no_base_card
Austin Shenton,2020,no_base_card
Christian Koss,2020,no_base_card
Drew Avans,2020,no_base_card
Eric Orze,2020,no_base_card
Erik Miller,2020,no_base_card
Max Lazar,2020,no_base_card
Pedro Pages,2020,no_base_card
Ricky Vanasco,2020,no_base_card
Will Holland,2020,no_base_card
Beck Way,2021,no_base_card
Eddy Yean,2021,no_base_card
Eric Cerantola,2021,no_base_card
Jose Baez,2021,no_base_card
Mitch Bratt,2021,no_base_card
Nick Frasso,2021,no_base_card
Pedro Martinez,2021,no_base_card
Tanner Murray,2021,no_base_card
Adam Macko,2022,no_base_card
BJ Murray Jr.,2022,no_base_card
Christian Franklin,2022,no_base_card
John Fox,2022,no_base_card
Juan Guerrero,2022,no_base_card
Sterlin Thompson,2022,no_base_card
Tanner McDougal,2022,no_base_card
Tyler Collins,2022,no_base_card
Tyler Schweitzer,2022,no_base_card
Andrew Taylor,2023,no_base_card
Joe Stewart,2023,no_base_card
Robert Moore,2023,no_base_card
Ramon Ramirez,2024,no_base_card
Sam Shaw,2024,no_base_card
Aaron Brown,2015,no_base_card
Arquimedes Gamboa,2015,no_base_card
Casey Soltis,2015,no_base_card
Drew Dosch,2015,no_base_card
Julian Leon,2015,no_base_card
Milton Ramos,2015,no_base_card
Ronnie Williams,2015,no_base_card
Connor Jones,2016,no_base_card
Corey Zangari,2016,no_base_card
Jeison Guzman,2016,no_base_card
Joe Rizzo,2016,no_base_card
Jordan Stephens,2016,no_base_card
Nolan Martinez,2016,no_base_card
Robert Tyler,2016,no_base_card
Tim Lynch,2016,no_base_card
Alberto Tirado,2017,no_base_card
Andrew Calica,2017,no_base_card
Cole Stobbe,2017,no_base_card
Gage Hinsz,2017,no_base_card
Grayson Long,2017,no_base_card
Logan Ice,2017,no_base_card
Nick Banks,2017,no_base_card
Ofelky Peralta,2017,no_base_card
Antoni Flores,2018,no_base_card
Brayan Hernandez,2018,no_base_card
Brett Cumberland,2018,no_base_card
Cadyn Grenier,2018,no_base_card
Carlos Rincon,2018,no_base_card
Chris DeVito,2018,no_base_card
Cole Freeman,2018,no_base_card
Connor Scott,2018,no_base_card
Greyson Jenista,2018,no_base_card
Griffin Roberts,2018,no_base_card
Jake Ring,2018,no_base_card
Jayson Schroeder,2018,no_base_card
Jeremy Eierman,2018,no_base_card
Joe Gray,2018,no_base_card
Jose Gomez,2018,no_base_card
Josh Breaux,2018,no_base_card
Josh Stowers,2018,no_base_card
Lenny Torres,2018,no_base_card
Matthias Dietz,2018,no_base_card
Nick Fanti,2018,no_base_card
Nick Schnell,2018,no_base_card
Osiris Johnson,2018,no_base_card
Ryder Green,2018,no_base_card
Tanner Dodson,2018,no_base_card
Tristan Pompey,2018,no_base_card
Tyler Frank,2018,no_base_card
Willie Abreu,2018,no_base_card
Blaine Knight,2019,no_base_card
Durbin Feltman,2019,no_base_card
Gregory Guerrero,2019,no_base_card
Jonatan Machado,2019,no_base_card
Melvin Adon,2019,no_base_card
Telmito Agustin,2019,no_base_card
Adam Hill,2020,no_base_card
Anthony Garcia,2020,no_base_card
Austin Hansen,2020,no_base_card
Bradlee Beesley,2020,no_base_card
Brady Whalen,2020,no_base_card
Brandon Howlett,2020,no_base_card
Brandon Lewis,2020,no_base_card
Bryant Packard,2020,no_base_card
Bryce Ball,2020,no_base_card
Chandler Redmond,2020,no_base_card
Colin Barber,2020,no_base_card
Connor Cannon,2020,no_base_card
Cooper Johnson,2020,no_base_card
Devin Mann,2020,no_base_card
Diosbel Arias,2020,no_base_card
Dylan File,2020,no_base_card
Erik Rivera,2020,no_base_card
Ethan Lindow,2020,no_base_card
Graeme Stinson,2020,no_base_card
Gunner Mayer,2020,no_base_card
Hector Yan,2020,no_base_card
Jeff Hakanson,2020,no_base_card
Jhon Torres,2020,no_base_card
Joan Martinez,2020,no_base_card
Joe Genord,2020,no_base_card
Jordan Brewer,2020,no_base_card
Anthony Solometo,2021,no_base_card
Anthony Walters,2021,no_base_card
Baron Radcliff,2021,no_base_card
Breidy Encarnacion,2021,no_base_card
Carson Taylor,2021,no_base_card
Chih-Jung Liu,2021,no_base_card
D'Shawn Knowles,2021,no_base_card
Daniel Montano,2021,no_base_card
Darryl Collins,2021,no_base_card
David Garcia,2021,no_base_card
Dylan MacLean,2021,no_base_card
Eduarqui Fernandez,2021,no_base_card
Elijah Dunham,2021,no_base_card
Ethan Hearn,2021,no_base_card
Gabriel Maciel,2021,no_base_card
George Feliz,2021,no_base_card
Hyun-il Choi,2021,no_base_card
J.D. Orr,2021,no_base_card
Jackson Cluff,2021,no_base_card
Jagger Haynes,2021,no_base_card
Jeferson Espinal,2021,no_base_card
Jeremy Wu-Yelland,2021,no_base_card
Jesus Parra,2021,no_base_card
Ji-Hwan Bae,2021,no_base_card
Kale Emshoff,2021,no_base_card
Koen Moreno,2021,no_base_card
Kohl Franklin,2021,no_base_card
Luis Mieses,2021,no_base_card
Luis Santana,2021,no_base_card
Marcus Smith,2021,no_base_card
Mariel Bautista,2021,no_base_card
Matt Scheffler,2021,no_base_card
Max Ferguson,2021,no_base_card
Michael Guldberg,2021,no_base_card
Michael McAvene,2021,no_base_card
Pablo Abreu,2021,no_base_card
Rafael Morel,2021,no_base_card
Rayner Santana,2021,no_base_card
Riley Thompson,2021,no_base_card
Sandy Gaston,2021,no_base_card
Santiago Florez,2021,no_base_card
Sean Roby,2021,no_base_card
Stevie Emanuels,2021,no_base_card
Taylor Dollard,2021,no_base_card
Tucker Bradley,2021,no_base_card
Tyler Keenan,2021,no_base_card
Viandel Pena,2021,no_base_card
Zane Mills,2021,no_base_card
Alejandro Hidalgo,2022,no_base_card
Alexander Ovalles,2022,no_base_card
Alexander Suarez,2022,no_base_card
Andy Thomas,2022,no_base_card
Antonio Pinero,2022,no_base_card
Austin Schultz,2022,no_base_card
Brandol Mezquita,2022,no_base_card
Brandon Birdsell,2022,no_base_card
CJ Rodriguez,2022,no_base_card
Cade Doughty,2022,no_base_card
Cal Conley,2022,no_base_card
Charlie Welch,2022,no_base_card
Collin Burns,2022,no_base_card
Cooper Bowman,2022,no_base_card
Creed Willems,2022,no_base_card
Cristian Gonzalez,2022,no_base_card
D'Andre Smith,2022,no_base_card
Damiano Palmegiani,2022,no_base_card
Daniel McElveny,2022,no_base_card
David McCabe,2022,no_base_card
Dayton Dooney,2022,no_base_card
Donta Williams,2022,no_base_card
Douglas Hodo III,2022,no_base_card
Dylan DeLucia,2022,no_base_card
Eduardo Vaughan,2022,no_base_card
Elijah Cabell,2022,no_base_card
Estanli Castillo,2022,no_base_card
Federico Polanco,2022,no_base_card
Gavin Conticello,2022,no_base_card
Greg Cullen,2022,no_base_card
Herard Gonzalez,2022,no_base_card
Hunter Patteson,2022,no_base_card
Isaac De Leon,2022,no_base_card
JT Schwartz,2022,no_base_card
Jack Herman,2022,no_base_card
Jaden Rudd,2022,no_base_card
Jake Rucker,2022,no_base_card
Jared Poland,2022,no_base_card
Jarlin Susana,2022,no_base_card
JoJo Blackmon,2022,no_base_card
John Rhodes,2022,no_base_card
Juan Querecuto,2022,no_base_card
Kevin Kendall,2022,no_base_card
Liam Spence,2022,no_base_card
Luis Chevalier,2022,no_base_card
Mason Albright,2022,no_base_card
Mason Auer,2022,no_base_card
Juan Meza,2015,no_base_card
Daniel Gonzalez,2018,no_base_card
Danny Diaz,2019,no_base_card
Junior Santos,2020,no_base_card
Kala'i Rosario,2020,no_base_card
Kendall Simmons,2020,no_base_card
Lency Delgado,2020,no_base_card
Leonel Valera,2020,no_base_card
Levi Kelly,2020,no_base_card
Micah Bello,2020,no_base_card
Nick Kahle,2020,no_base_card
Omar Estevez,2020,no_base_card
Osiel Rodriguez,2020,no_base_card
Paul Richan,2020,no_base_card
Raimfer Salinas,2020,no_base_card
Randy Florentino,2020,no_base_card
Saul Garza,2020,no_base_card
Seth Gray,2020,no_base_card
Stephen Paolini,2020,no_base_card
Tahnaj Thomas,2020,no_base_card
Thomas Dillard,2020,no_base_card
Tony Dibrell,2020,no_base_card
Trey Harris,2020,no_base_card
Tyler Dyson,2020,no_base_card
Wilderd Patino,2020,no_base_card
Zach Watson,2020,no_base_card
Zack Hess,2020,no_base_card
Adam Kerner,2021,no_base_card
Aldo Ramirez,2021,no_base_card
Franyel Baez,2021,no_base_card
Malfrin Sosa,2021,no_base_card
William Holmes,2021,no_base_card
Gavin Tonkel,2022,no_base_card
Larry Ernesto,2022,no_base_card
Nathan Hickey,2022,no_base_card
Nathan Martorella,2022,no_base_card
Noah Miller,2022,no_base_card
Pablo Aliendo,2022,no_base_card
Parker Chavers,2022,no_base_card
Quincy Hamilton,2022,no_base_card
Reed Trimble,2022,no_base_card
Roilan Machandy,2022,no_base_card
Sebastian Espino,2022,no_base_card
Silas Ardoin,2022,no_base_card
Thomas Farr,2022,no_base_card
Tucker Toman,2022,no_base_card
Tyler Hardman,2022,no_base_card
Tyler Stuart,2022,no_base_card
Tyler Whitaker,2022,no_base_card
Victor Mesia,2022,no_base_card
Wilmin Candelario,2022,no_base_card
Yan Contreras,2022,no_base_card
Yeison Santana,2022,no_base_card
Zion Bannister,2022,no_base_card
Adam Crampton,2023,no_base_card
Andy Perez,2023,no_base_card
Ben Metzinger,2023,no_base_card
Bjay Cooke,2023,no_base_card
Braylin Tavera,2023,no_base_card
Brennan Milone,2023,no_base_card
Bryan Rincon,2023,no_base_card
Bryant Betancourt,2023,no_base_card
Cade Hunter,2023,no_base_card
Calvin Harris,2023,no_base_card
Carlos De La Cruz,2023,no_base_card
Chase Estep,2023,no_base_card
Chris Newell,2023,no_base_card
Clark Elliott,2023,no_base_card
Colin Peluse,2023,no_base_card
Connor Staine,2023,no_base_card
Damon Keith,2023,no_base_card
Daniel Mateo,2023,no_base_card
Danny Serretti,2023,no_base_card
Dario Borrero,2023,no_base_card
Dario Laverde,2023,no_base_card
Demetrio Crisantes,2023,no_base_card
Diego Hernandez,2023,no_base_card
Diego Mosquera,2023,no_base_card
Eddy Beltre,2023,no_base_card
Enmanuel Terrero,2023,no_base_card
Everett Cooper III,2023,no_base_card
Fredy Michel,2023,no_base_card
Geraldo Quintero,2023,no_base_card
Griff McGarry,2023,no_base_card
Hayden Dunhurst,2023,no_base_card
Jack Pineda,2023,no_base_card
Jackson Ferris,2023,no_base_card
Jadiel Sanchez,2023,no_base_card
Jair Casanova,2023,no_base_card
Javier Valdes,2023,no_base_card
Jesus Bastidas,2023,no_base_card
Jesus Bugarin,2023,no_base_card
Jhonny Piron,2023,no_base_card
Joel Diaz,2023,no_base_card
Jordy Vargas,2023,no_base_card
Jorel Ortega,2023,no_base_card
Josh Hood,2023,no_base_card
Juan Carela,2023,no_base_card
Juan Corniel,2023,no_base_card
Junior Franco,2023,no_base_card
Junior Marin,2023,no_base_card
Junior Tilien,2023,no_base_card
Kristin Munroe,2023,no_base_card
Lamar King Jr.,2023,no_base_card
Luis Ravelo,2023,no_base_card
Luis Reyes,2023,no_base_card
Luke Berryhill,2023,no_base_card
Luke Gold,2023,no_base_card
Maick Collado,2023,no_base_card
Marco Vargas,2023,no_base_card
Matthew Wood,2023,no_base_card
Nick Vogt,2023,no_base_card
Omari Daniel,2023,no_base_card
Paul McIntosh,2023,no_base_card
Peyton Williams,2023,no_base_card
Ricardo Olivar,2023,no_base_card
Ronald Hernandez,2023,no_base_card
Royber Salinas,2023,no_base_card
Samil De La Rosa,2023,no_base_card
Sem Robberse,2023,no_base_card
Spence Coffman,2023,no_base_card
Tommy Specht,2023,no_base_card
Torin Montgomery,2023,no_base_card
Trey Faltine,2023,no_base_card
Vaun Brown,2023,no_base_card
Wuilfredo Antunez,2023,no_base_card
Yeniel Laboy,2023,no_base_card
Yoander Rivero,2023,no_base_card
Yonatan Henriquez,2023,no_base_card
Aaron Parker,2024,no_base_card
Abdias De La Cruz,2024,no_base_card
Adler Cecil,2024,no_base_card
Adrian De Leon,2024,no_base_card
Aiden May,2024,no_base_card
Alfonsin Rosario,2024,no_base_card
Alfredo Alcantara,2024,no_base_card
Aneudis Mordan,2024,no_base_card
Anibal Salas,2024,no_base_card
Ariel Armas,2024,no_base_card
Bairon Ledesma,2024,no_base_card
Barrett Kent,2024,no_base_card
Ben Hess,2024,no_base_card
Bennett Lee,2024,no_base_card
Bernard Moon,2024,no_base_card
Billy Amick,2024,no_base_card
Blake Burke,2024,no_base_card
Blake Larson,2024,no_base_card
Blake Wright,2024,no_base_card
Boston Baro,2024,no_base_card
Boston Bateman,2024,no_base_card
Brady Cerkownyk,2024,no_base_card
Brandon Neely,2024,no_base_card
Braylon Doughty,2024,no_base_card
Brian Holiday,2024,no_base_card
Bryce Meccage,2024,no_base_card
Carlos Batista,2024,no_base_card
Carson DeMartini,2024,no_base_card
Carter Holton,2024,no_base_card
Carter Johnson,2024,no_base_card
Carter Mathison,2024,no_base_card
Casey Cook,2024,no_base_card
Casey Saucke,2024,no_base_card
Cesar Quintas,2024,no_base_card
Chandler Pollard,2024,no_base_card
Chase Harlan,2024,no_base_card
Chris Cortez,2024,no_base_card
Clayton Campbell,2024,no_base_card
Cole Mathis,2024,no_base_card
Cole Messina,2024,no_base_card
Connor Foley,2024,no_base_card
Cristopher Larez,2024,no_base_card
Daniel Eagen,2024,no_base_card
Dominic Pitelli,2024,no_base_card
Drew Beam,2024,no_base_card
Dylan Dreiling,2024,no_base_card
Eddie Rynders,2024,no_base_card
Eli Serrano,2024,no_base_card
Erick Bautista,2024,no_base_card
Erick Torres,2024,no_base_card
Ethan Schiefelbein,2024,no_base_card
Felix Taveras,2024,no_base_card
Fenwick Trimble,2024,no_base_card
Fraymi De Leon,2024,no_base_card
Gabriel Lara,2024,no_base_card
Gage Miller,2024,no_base_card
Gage Ziehl,2024,no_base_card
Gavin Dugas,2024,no_base_card
Griff O'Ferrall,2024,no_base_card
Griffin Burkholder,2024,no_base_card
Guillermo Williamson,2024,no_base_card
Herick Hernandez,2024,no_base_card
Ivan Luciano,2024,no_base_card
Iverson Allen,2024,no_base_card
Jacob Cozart,2024,no_base_card
Jaeden Calderon,2024,no_base_card
Jaime Ferrer,2024,no_base_card
Jancory De La Cruz,2024,no_base_card
Janero Miller,2024,no_base_card
Jaron DeBerry,2024,no_base_card
Javier Francisco,2024,no_base_card
Jeffry Rosa,2024,no_base_card
Jeremy Rodriguez,2024,no_base_card
John Spikerman,2024,no_base_card
Johnny King,2024,no_base_card
Jonathan Santucci,2024,no_base_card
Jorge Marcheco,2024,no_base_card
Josh Adamczewski,2024,no_base_card
Josh Caron,2024,no_base_card
Kalae Harrison,2024,no_base_card
Kannon Kemp,2024,no_base_card
Kavares Tears,2024,no_base_card
Kelvin Hidalgo,2024,no_base_card
Khal Stephen,2024,no_base_card
Kodey Shojinaga,2024,no_base_card
Kyle Henley,2024,no_base_card
Leiker Figueroa,2024,no_base_card
Levi Sterling,2024,no_base_card
Luis Suisbel,2024,no_base_card
Luke Holman,2024,no_base_card
Maikol Orozco,2024,no_base_card
Marco Corcho,2024,no_base_card
Marvin Alcantara,2024,no_base_card
Mason McGwire,2024,no_base_card
Milo Rushford,2024,no_base_card
Nate Dohm,2024,no_base_card
Nathan Flewelling,2024,no_base_card
Nehomar Ochoa Jr.,2024,no_base_card
Neyfy Castillo,2024,no_base_card
Nick McLain,2024,no_base_card
Nick Mitchell,2024,no_base_card
Nick Montgomery,2024,no_base_card
Parker Smith,2024,no_base_card
Peyton Graham,2024,no_base_card
Quincy Scott,2024,no_base_card
Rafe Schlesinger,2024,no_base_card
Randal Diaz,2024,no_base_card
Raudi Rodriguez,2024,no_base_card
Rodney Green,2024,no_base_card
Rolphy Cruz,2024,no_base_card
Ryan Campos,2024,no_base_card
Samuel Gil,2024,no_base_card
Stanley Consuegra,2024,no_base_card
Stone Russell,2024,no_base_card
Tavian Josenberger,2024,no_base_card
Thomas Ireland,2024,no_base_card
Thomas Sosa,2024,no_base_card
Trey Snyder,2024,no_base_card
Ty Southisene,2024,no_base_card
Tyson Neighbors,2024,no_base_card
Tytus Cissell,2024,no_base_card
Walker Martin,2024,no_base_card
Wilfredo Lara,2024,no_base_card
Will Bush,2024,no_base_card
Will Verdung,2024,no_base_card
Yaikel Mijares,2024,no_base_card
Yoffry Solano,2024,no_base_card
Yohairo Cuevas,2024,no_base_card
Yoiber Ocopio,2024,no_base_card
Yoniel Curet,2024,no_base_card
Yordanny Monegro,2024,no_base_card
Angel Cepeda,2025,no_base_card
Corey Cousin,2025,no_base_card
Darison Garcia,2025,no_base_card
Henry Baez,2025,no_base_card
Jadyn Fielder,2025,no_base_card
Javier Vaz,2025,no_base_card
Matthew Etzel,2025,no_base_card
Mavis Graves,2025,no_base_card
Natanael Yuten,2025,no_base_card
Nick Lorusso,2025,no_base_card
Sabier Marte,2025,no_base_card
Trevor Harrison,2025,no_base_card
Zander Darby,2025,no_base_card
Trey Dombroski III,2022,no_base_card
