player_name,event,volume,source,gap
Mike Trout,mlb-al-mvp,11837.797727,polymarket,
José Ramírez,mlb-al-mvp,13617.400297,polymarket,
Rafael Devers,mlb-al-mvp,18612.105808,polymarket,
Player A,mlb-al-mvp,0.0,polymarket,
Player C,mlb-al-mvp,0.0,polymarket,
Player D,mlb-al-mvp,0.0,polymarket,
Player E,mlb-al-mvp,0.0,polymarket,
Player F,mlb-al-mvp,0.0,polymarket,
Player G,mlb-al-mvp,0.0,polymarket,
Player H,mlb-al-mvp,0.0,polymarket,
Player I,mlb-al-mvp,0.0,polymarket,
Player J,mlb-al-mvp,0.0,polymarket,
Player K,mlb-al-mvp,0.0,polymarket,
Player L,mlb-al-mvp,0.0,polymarket,
Player M,mlb-al-mvp,0.0,polymarket,
Player N,mlb-al-mvp,0.0,polymarket,
Player O,mlb-al-mvp,0.0,polymarket,
Other,mlb-al-mvp,0.0,polymarket,
Jacob deGrom,mlb-al-cy-young,8642.533029,polymarket,
Pablo Lopez,mlb-al-cy-young,2530.597366,polymarket,
Framber Valdez,mlb-al-cy-young,8705.059307,polymarket,
Hunter Brown,mlb-al-cy-young,15809.596351,polymarket,
Max Fried,mlb-al-cy-young,11879.210574,polymarket,
Player A,mlb-al-cy-young,0.0,polymarket,
Player B,mlb-al-cy-young,0.0,polymarket,
Player C,mlb-al-cy-young,0.0,polymarket,
Player D,mlb-al-cy-young,0.0,polymarket,
Player E,mlb-al-cy-young,0.0,polymarket,
Player F,mlb-al-cy-young,0.0,polymarket,
Player G,mlb-al-cy-young,0.0,polymarket,
Player H,mlb-al-cy-young,0.0,polymarket,
Player I,mlb-al-cy-young,0.0,polymarket,
Player J,mlb-al-cy-young,0.0,polymarket,
Player K,mlb-al-cy-young,0.0,polymarket,
Player L,mlb-al-cy-young,0.0,polymarket,
Player M,mlb-al-cy-young,0.0,polymarket,
Player N,mlb-al-cy-young,0.0,polymarket,
Player O,mlb-al-cy-young,0.0,polymarket,
Other,mlb-al-cy-young,0.0,polymarket,
Cameron Smith,al-rookie-of-the-year,15836.437296,polymarket,
Noah Cameron,al-rookie-of-the-year,3704.795777,polymarket,
Tomoyuki Sugano,al-rookie-of-the-year,138311.152935,polymarket,
Jack Leiter,al-rookie-of-the-year,13698.121777,polymarket,
Player B,al-rookie-of-the-year,0.0,polymarket,
Player C,al-rookie-of-the-year,0.0,polymarket,
Player D,al-rookie-of-the-year,0.0,polymarket,
Player E,al-rookie-of-the-year,0.0,polymarket,
Player F,al-rookie-of-the-year,0.0,polymarket,
Player G,al-rookie-of-the-year,0.0,polymarket,
Player H,al-rookie-of-the-year,0.0,polymarket,
Player I,al-rookie-of-the-year,0.0,polymarket,
Player J,al-rookie-of-the-year,0.0,polymarket,
Player K,al-rookie-of-the-year,0.0,polymarket,
Player L,al-rookie-of-the-year,0.0,polymarket,
Player M,al-rookie-of-the-year,0.0,polymarket,
Player N,al-rookie-of-the-year,0.0,polymarket,
Player O,al-rookie-of-the-year,0.0,polymarket,
Player P,al-rookie-of-the-year,0.0,polymarket,
Player Q,al-rookie-of-the-year,0.0,polymarket,
Player R,al-rookie-of-the-year,0.0,polymarket,
Player S,al-rookie-of-the-year,0.0,polymarket,
Other,al-rookie-of-the-year,0.0,polymarket,
Shohei Ohtani,mlb-nl-mvp,436228.816455,polymarket,
Mookie Betts,mlb-nl-mvp,6983.473748,polymarket,
Bryce Harper,mlb-nl-mvp,9142.00916,polymarket,
Ketel Marte,mlb-nl-mvp,4919.173498,polymarket,
Player A,mlb-nl-mvp,0.0,polymarket,
Kyle Schwarber,mlb-nl-mvp,0.0,polymarket,
Player E,mlb-nl-mvp,0.0,polymarket,
Player F,mlb-nl-mvp,0.0,polymarket,
Player G,mlb-nl-mvp,0.0,polymarket,
Player H,mlb-nl-mvp,0.0,polymarket,
Player I,mlb-nl-mvp,0.0,polymarket,
Player J,mlb-nl-mvp,0.0,polymarket,
Player K,mlb-nl-mvp,0.0,polymarket,
Player L,mlb-nl-mvp,0.0,polymarket,
Player M,mlb-nl-mvp,0.0,polymarket,
Player N,mlb-nl-mvp,0.0,polymarket,
Player O,mlb-nl-mvp,0.0,polymarket,
Other,mlb-nl-mvp,0.0,polymarket,
Zack Wheeler,mlb-nl-cy-young,12735.053482,polymarket,
Chris Sale,mlb-nl-cy-young,7251.922124,polymarket,
Blake Snell,mlb-nl-cy-young,7478.534666,polymarket,
Dylan Cease,mlb-nl-cy-young,6618.945677,polymarket,
Tyler Glasnow,mlb-nl-cy-young,12575.340666,polymarket,
Yoshinobu Yamamoto,mlb-nl-cy-young,26806.478504,polymarket,
Sandy Alcantara,mlb-nl-cy-young,7126.914666,polymarket,
Kodai Senga,mlb-nl-cy-young,5959.614666,polymarket,
Cristopher Sánchez,mlb-nl-cy-young,6509.993928,polymarket,
Player A,mlb-nl-cy-young,0.0,polymarket,
Player B,mlb-nl-cy-young,0.0,polymarket,
Player C,mlb-nl-cy-young,0.0,polymarket,
Player D,mlb-nl-cy-young,0.0,polymarket,
Player E,mlb-nl-cy-young,0.0,polymarket,
Player F,mlb-nl-cy-young,0.0,polymarket,
Player G,mlb-nl-cy-young,0.0,polymarket,
Player H,mlb-nl-cy-young,0.0,polymarket,
Player I,mlb-nl-cy-young,0.0,polymarket,
Player J,mlb-nl-cy-young,0.0,polymarket,
other,mlb-nl-cy-young,0.0,polymarket,
Augustin Ramirez,nl-rookie-of-the-year,4452.445,polymarket,
Eric Wagaman,nl-rookie-of-the-year,2516.525,polymarket,
Other,nl-rookie-of-the-year,0.0,polymarket,
Player D,nl-rookie-of-the-year,0.0,polymarket,
Player E,nl-rookie-of-the-year,0.0,polymarket,
Player F,nl-rookie-of-the-year,0.0,polymarket,
Player G,nl-rookie-of-the-year,0.0,polymarket,
Player H,nl-rookie-of-the-year,0.0,polymarket,
Player I,nl-rookie-of-the-year,0.0,polymarket,
Player J,nl-rookie-of-the-year,0.0,polymarket,
Player K,nl-rookie-of-the-year,0.0,polymarket,
Player L,nl-rookie-of-the-year,0.0,polymarket,
Player M,nl-rookie-of-the-year,0.0,polymarket,
Player N,nl-rookie-of-the-year,0.0,polymarket,
Player O,nl-rookie-of-the-year,0.0,polymarket,
Player P,nl-rookie-of-the-year,0.0,polymarket,
Jose Ramirez,pro-baseball-2026-al-mvp,1789.43158,polymarket,
Mike Trout,pro-baseball-2026-al-mvp,441.630327,polymarket,
Ben Rice,pro-baseball-2026-al-mvp,3165.8597910000003,polymarket,
Byron Buxton,pro-baseball-2026-al-mvp,496.87649999999996,polymarket,
Wilson Contreras,pro-baseball-2026-al-mvp,273.68,polymarket,
Munetaka Murakami,pro-baseball-2026-al-mvp,466.87300000000005,polymarket,
Player I,pro-baseball-2026-al-mvp,0.0,polymarket,
Player J,pro-baseball-2026-al-mvp,0.0,polymarket,
Player K,pro-baseball-2026-al-mvp,0.0,polymarket,
Player L,pro-baseball-2026-al-mvp,0.0,polymarket,
Player M,pro-baseball-2026-al-mvp,0.0,polymarket,
Player N,pro-baseball-2026-al-mvp,0.0,polymarket,
Player O,pro-baseball-2026-al-mvp,0.0,polymarket,
Player P,pro-baseball-2026-al-mvp,0.0,polymarket,
Player Q,pro-baseball-2026-al-mvp,0.0,polymarket,
Player R,pro-baseball-2026-al-mvp,0.0,polymarket,
Player S,pro-baseball-2026-al-mvp,0.0,polymarket,
Player T,pro-baseball-2026-al-mvp,0.0,polymarket,
Player U,pro-baseball-2026-al-mvp,0.0,polymarket,
Player V,pro-baseball-2026-al-mvp,0.0,polymarket,
Player W,pro-baseball-2026-al-mvp,0.0,polymarket,
Player X,pro-baseball-2026-al-mvp,0.0,polymarket,
Player Y,pro-baseball-2026-al-mvp,0.0,polymarket,
Player Z,pro-baseball-2026-al-mvp,0.0,polymarket,
Player AA,pro-baseball-2026-al-mvp,0.0,polymarket,
Player AB,pro-baseball-2026-al-mvp,0.0,polymarket,
Player AC,pro-baseball-2026-al-mvp,0.0,polymarket,
Player AD,pro-baseball-2026-al-mvp,0.0,polymarket,
Player AE,pro-baseball-2026-al-mvp,0.0,polymarket,
Player AF,pro-baseball-2026-al-mvp,0.0,polymarket,
Player AG,pro-baseball-2026-al-mvp,0.0,polymarket,
Player AH,pro-baseball-2026-al-mvp,0.0,polymarket,
Player AI,pro-baseball-2026-al-mvp,0.0,polymarket,
Player AJ,pro-baseball-2026-al-mvp,0.0,polymarket,
Player AK,pro-baseball-2026-al-mvp,0.0,polymarket,
Player AL,pro-baseball-2026-al-mvp,0.0,polymarket,
Player AM,pro-baseball-2026-al-mvp,0.0,polymarket,
Player AN,pro-baseball-2026-al-mvp,0.0,polymarket,
Player AO,pro-baseball-2026-al-mvp,0.0,polymarket,
Other,pro-baseball-2026-al-mvp,0.0,polymarket,
Jacob deGrom,mlb-2026-al-cy-young-winner,59587.95334500001,polymarket,
Hunter Brown,mlb-2026-al-cy-young-winner,657.053,polymarket,
Max Fried,mlb-2026-al-cy-young-winner,485068.0638330001,polymarket,
Bryan Woo,mlb-2026-al-cy-young-winner,3648.875713,polymarket,
Kyle Bradish,mlb-2026-al-cy-young-winner,618.5629999999999,polymarket,
Nathan Eovaldi,mlb-2026-al-cy-young-winner,1407.4250000000002,polymarket,
Dylan Cease,mlb-2026-al-cy-young-winner,22378.180567000003,polymarket,
Carlos Rodón,mlb-2026-al-cy-young-winner,949.6199999999999,polymarket,
Kevin Gausman,mlb-2026-al-cy-young-winner,1686.4276820000002,polymarket,
Jose Soriano,mlb-2026-al-cy-young-winner,2800.469141,polymarket,
Pablo Lopez,mlb-2026-al-cy-young-winner,32705.617,polymarket,
Gerrit Cole,mlb-2026-al-cy-young-winner,589.695,polymarket,
Parker Messick,mlb-2026-al-cy-young-winner,28526.096092,polymarket,
Drew Rasmussen,mlb-2026-al-cy-young-winner,2126.5862660000003,polymarket,
Sonny Gray,mlb-2026-al-cy-young-winner,3053.095591,polymarket,
player F,mlb-2026-al-cy-young-winner,0.0,polymarket,
player G,mlb-2026-al-cy-young-winner,0.0,polymarket,
player H,mlb-2026-al-cy-young-winner,0.0,polymarket,
player I,mlb-2026-al-cy-young-winner,0.0,polymarket,
player J,mlb-2026-al-cy-young-winner,0.0,polymarket,
player K,mlb-2026-al-cy-young-winner,0.0,polymarket,
player L,mlb-2026-al-cy-young-winner,0.0,polymarket,
player M,mlb-2026-al-cy-young-winner,0.0,polymarket,
player N,mlb-2026-al-cy-young-winner,0.0,polymarket,
player O,mlb-2026-al-cy-young-winner,0.0,polymarket,
player P,mlb-2026-al-cy-young-winner,0.0,polymarket,
player Q,mlb-2026-al-cy-young-winner,0.0,polymarket,
player R,mlb-2026-al-cy-young-winner,0.0,polymarket,
player S,mlb-2026-al-cy-young-winner,0.0,polymarket,
player T,mlb-2026-al-cy-young-winner,0.0,polymarket,
player U,mlb-2026-al-cy-young-winner,0.0,polymarket,
player V,mlb-2026-al-cy-young-winner,0.0,polymarket,
player W,mlb-2026-al-cy-young-winner,0.0,polymarket,
player X,mlb-2026-al-cy-young-winner,0.0,polymarket,
player Y,mlb-2026-al-cy-young-winner,0.0,polymarket,
player Z,mlb-2026-al-cy-young-winner,0.0,polymarket,
player AA,mlb-2026-al-cy-young-winner,0.0,polymarket,
player AB,mlb-2026-al-cy-young-winner,0.0,polymarket,
player AC,mlb-2026-al-cy-young-winner,0.0,polymarket,
player AD,mlb-2026-al-cy-young-winner,0.0,polymarket,
player AE,mlb-2026-al-cy-young-winner,0.0,polymarket,
player AF,mlb-2026-al-cy-young-winner,0.0,polymarket,
player AG,mlb-2026-al-cy-young-winner,0.0,polymarket,
player AH,mlb-2026-al-cy-young-winner,0.0,polymarket,
player AI,mlb-2026-al-cy-young-winner,0.0,polymarket,
player AJ,mlb-2026-al-cy-young-winner,0.0,polymarket,
player AK,mlb-2026-al-cy-young-winner,0.0,polymarket,
player AL,mlb-2026-al-cy-young-winner,0.0,polymarket,
player AM,mlb-2026-al-cy-young-winner,0.0,polymarket,
player AN,mlb-2026-al-cy-young-winner,0.0,polymarket,
player AO,mlb-2026-al-cy-young-winner,0.0,polymarket,
player AP,mlb-2026-al-cy-young-winner,0.0,polymarket,
Other,mlb-2026-al-cy-young-winner,0.0,polymarket,
Kazuma Okamoto,mlb-al-rookie-of-the-year,230853.176897,polymarket,
Munetaka Murakami,mlb-al-rookie-of-the-year,62865.373696999995,polymarket,
Tatsuya Imai,mlb-al-rookie-of-the-year,832.9710000000001,polymarket,
Connelly Early,mlb-al-rookie-of-the-year,71775.20400000001,polymarket,
Parker Messick,mlb-al-rookie-of-the-year,8602.317511999998,polymarket,
D,mlb-al-rookie-of-the-year,0.0,polymarket,
E,mlb-al-rookie-of-the-year,0.0,polymarket,
F,mlb-al-rookie-of-the-year,0.0,polymarket,
G,mlb-al-rookie-of-the-year,0.0,polymarket,
H,mlb-al-rookie-of-the-year,0.0,polymarket,
I,mlb-al-rookie-of-the-year,0.0,polymarket,
J,mlb-al-rookie-of-the-year,0.0,polymarket,
K,mlb-al-rookie-of-the-year,0.0,polymarket,
L,mlb-al-rookie-of-the-year,0.0,polymarket,
M,mlb-al-rookie-of-the-year,0.0,polymarket,
N,mlb-al-rookie-of-the-year,0.0,polymarket,
O,mlb-al-rookie-of-the-year,0.0,polymarket,
P,mlb-al-rookie-of-the-year,0.0,polymarket,
Q,mlb-al-rookie-of-the-year,0.0,polymarket,
R,mlb-al-rookie-of-the-year,0.0,polymarket,
S,mlb-al-rookie-of-the-year,0.0,polymarket,
T,mlb-al-rookie-of-the-year,0.0,polymarket,
U,mlb-al-rookie-of-the-year,0.0,polymarket,
V,mlb-al-rookie-of-the-year,0.0,polymarket,
W,mlb-al-rookie-of-the-year,0.0,polymarket,
X,mlb-al-rookie-of-the-year,0.0,polymarket,
Y,mlb-al-rookie-of-the-year,0.0,polymarket,
Other,mlb-al-rookie-of-the-year,0.0,polymarket,
Shohei Ohtani,mlb-2026-nl-mvp,125305.309326,polymarket,
Mookie Betts,mlb-2026-nl-mvp,279194.552333,polymarket,
Bryce Harper,mlb-2026-nl-mvp,2027.2193960000002,polymarket,
Kyle Schwarber,mlb-2026-nl-mvp,3993.6056959999996,polymarket,
Otto Lopez,mlb-2026-nl-mvp,974.8799999999999,polymarket,
Matt Olson,mlb-2026-nl-mvp,1676.6635,polymarket,
Player J,mlb-2026-nl-mvp,0.0,polymarket,
Player K,mlb-2026-nl-mvp,0.0,polymarket,
Player L,mlb-2026-nl-mvp,0.0,polymarket,
Player M,mlb-2026-nl-mvp,0.0,polymarket,
Player N,mlb-2026-nl-mvp,0.0,polymarket,
Player O,mlb-2026-nl-mvp,0.0,polymarket,
Player P,mlb-2026-nl-mvp,0.0,polymarket,
Player Q,mlb-2026-nl-mvp,0.0,polymarket,
Player R,mlb-2026-nl-mvp,0.0,polymarket,
Player S,mlb-2026-nl-mvp,0.0,polymarket,
Player T,mlb-2026-nl-mvp,0.0,polymarket,
Player U,mlb-2026-nl-mvp,0.0,polymarket,
Player V,mlb-2026-nl-mvp,0.0,polymarket,
Player W,mlb-2026-nl-mvp,0.0,polymarket,
Player X,mlb-2026-nl-mvp,0.0,polymarket,
Player Y,mlb-2026-nl-mvp,0.0,polymarket,
Player Z,mlb-2026-nl-mvp,0.0,polymarket,
Player AA,mlb-2026-nl-mvp,0.0,polymarket,
Player AB,mlb-2026-nl-mvp,0.0,polymarket,
Player AC,mlb-2026-nl-mvp,0.0,polymarket,
Player AD,mlb-2026-nl-mvp,0.0,polymarket,
Player AE,mlb-2026-nl-mvp,0.0,polymarket,
Player AF,mlb-2026-nl-mvp,0.0,polymarket,
Player AG,mlb-2026-nl-mvp,0.0,polymarket,
Player AH,mlb-2026-nl-mvp,0.0,polymarket,
Player AI,mlb-2026-nl-mvp,0.0,polymarket,
Player AJ,mlb-2026-nl-mvp,0.0,polymarket,
Player AK,mlb-2026-nl-mvp,0.0,polymarket,
Player AL,mlb-2026-nl-mvp,0.0,polymarket,
Player AM,mlb-2026-nl-mvp,0.0,polymarket,
Player AN,mlb-2026-nl-mvp,0.0,polymarket,
Player AO,mlb-2026-nl-mvp,0.0,polymarket,
Other,mlb-2026-nl-mvp,0.0,polymarket,
Yoshinobu Yamamoto,mlb-2026-nl-cy-young-winner,13331.591726,polymarket,
Cristopher Sanchez,mlb-2026-nl-cy-young-winner,55879.032888999995,polymarket,
Chris Sale,mlb-2026-nl-cy-young-winner,14715.764227999998,polymarket,
Blake Snell,mlb-2026-nl-cy-young-winner,1146.792665,polymarket,
Zack Wheeler,mlb-2026-nl-cy-young-winner,8034.752420999998,polymarket,
Shohei Ohtani,mlb-2026-nl-cy-young-winner,23768.254509000006,polymarket,
Brandon Woodruff,mlb-2026-nl-cy-young-winner,108229.02600000001,polymarket,
Freddy Peralta,mlb-2026-nl-cy-young-winner,112938.933,polymarket,
Tyler Glasnow,mlb-2026-nl-cy-young-winner,1906.305,polymarket,
Eury Perez,mlb-2026-nl-cy-young-winner,96462.69200000001,polymarket,
player C,mlb-2026-nl-cy-young-winner,0.0,polymarket,
player D,mlb-2026-nl-cy-young-winner,0.0,polymarket,
player E,mlb-2026-nl-cy-young-winner,0.0,polymarket,
player F,mlb-2026-nl-cy-young-winner,0.0,polymarket,
player G,mlb-2026-nl-cy-young-winner,0.0,polymarket,
player H,mlb-2026-nl-cy-young-winner,0.0,polymarket,
player I,mlb-2026-nl-cy-young-winner,0.0,polymarket,
player J,mlb-2026-nl-cy-young-winner,0.0,polymarket,
player K,mlb-2026-nl-cy-young-winner,0.0,polymarket,
player L,mlb-2026-nl-cy-young-winner,0.0,polymarket,
player M,mlb-2026-nl-cy-young-winner,0.0,polymarket,
player N,mlb-2026-nl-cy-young-winner,0.0,polymarket,
player O,mlb-2026-nl-cy-young-winner,0.0,polymarket,
player P,mlb-2026-nl-cy-young-winner,0.0,polymarket,
player Q,mlb-2026-nl-cy-young-winner,0.0,polymarket,
player R,mlb-2026-nl-cy-young-winner,0.0,polymarket,
player S,mlb-2026-nl-cy-young-winner,0.0,polymarket,
player T,mlb-2026-nl-cy-young-winner,0.0,polymarket,
player U,mlb-2026-nl-cy-young-winner,0.0,polymarket,
player V,mlb-2026-nl-cy-young-winner,0.0,polymarket,
player W,mlb-2026-nl-cy-young-winner,0.0,polymarket,
player X,mlb-2026-nl-cy-young-winner,0.0,polymarket,
player Y,mlb-2026-nl-cy-young-winner,0.0,polymarket,
player Z,mlb-2026-nl-cy-young-winner,0.0,polymarket,
player AA,mlb-2026-nl-cy-young-winner,0.0,polymarket,
player AB,mlb-2026-nl-cy-young-winner,0.0,polymarket,
player AC,mlb-2026-nl-cy-young-winner,0.0,polymarket,
player AD,mlb-2026-nl-cy-young-winner,0.0,polymarket,
player AE,mlb-2026-nl-cy-young-winner,0.0,polymarket,
player AF,mlb-2026-nl-cy-young-winner,0.0,polymarket,
player AG,mlb-2026-nl-cy-young-winner,0.0,polymarket,
player AH,mlb-2026-nl-cy-young-winner,0.0,polymarket,
player AI,mlb-2026-nl-cy-young-winner,0.0,polymarket,
player AJ,mlb-2026-nl-cy-young-winner,0.0,polymarket,
player AK,mlb-2026-nl-cy-young-winner,0.0,polymarket,
player AL,mlb-2026-nl-cy-young-winner,0.0,polymarket,
player AM,mlb-2026-nl-cy-young-winner,0.0,polymarket,
player AN,mlb-2026-nl-cy-young-winner,0.0,polymarket,
player AO,mlb-2026-nl-cy-young-winner,0.0,polymarket,
player AP,mlb-2026-nl-cy-young-winner,0.0,polymarket,
player AQ,mlb-2026-nl-cy-young-winner,0.0,polymarket,
player AR,mlb-2026-nl-cy-young-winner,0.0,polymarket,
player AS,mlb-2026-nl-cy-young-winner,0.0,polymarket,
player AT,mlb-2026-nl-cy-young-winner,0.0,polymarket,
Other,mlb-2026-nl-cy-young-winner,0.0,polymarket,
Logan Henderson,mlb-nl-rookie-of-the-year,1546.2633329999996,polymarket,
TJ Rumfield,mlb-nl-rookie-of-the-year,1601.15,polymarket,
Player D,mlb-nl-rookie-of-the-year,0.0,polymarket,
Player E,mlb-nl-rookie-of-the-year,0.0,polymarket,
Player F,mlb-nl-rookie-of-the-year,0.0,polymarket,
Player G,mlb-nl-rookie-of-the-year,0.0,polymarket,
Player H,mlb-nl-rookie-of-the-year,0.0,polymarket,
Player I,mlb-nl-rookie-of-the-year,0.0,polymarket,
Player J,mlb-nl-rookie-of-the-year,0.0,polymarket,
Player K,mlb-nl-rookie-of-the-year,0.0,polymarket,
Player L,mlb-nl-rookie-of-the-year,0.0,polymarket,
Player M,mlb-nl-rookie-of-the-year,0.0,polymarket,
Player N,mlb-nl-rookie-of-the-year,0.0,polymarket,
Player O,mlb-nl-rookie-of-the-year,0.0,polymarket,
Player P,mlb-nl-rookie-of-the-year,0.0,polymarket,
Player Q,mlb-nl-rookie-of-the-year,0.0,polymarket,
Player R,mlb-nl-rookie-of-the-year,0.0,polymarket,
Player S,mlb-nl-rookie-of-the-year,0.0,polymarket,
Player T,mlb-nl-rookie-of-the-year,0.0,polymarket,
Player U,mlb-nl-rookie-of-the-year,0.0,polymarket,
Player V,mlb-nl-rookie-of-the-year,0.0,polymarket,
Player W,mlb-nl-rookie-of-the-year,0.0,polymarket,
Player X,mlb-nl-rookie-of-the-year,0.0,polymarket,
Player Y,mlb-nl-rookie-of-the-year,0.0,polymarket,
Other,mlb-nl-rookie-of-the-year,0.0,polymarket,
Tie/Co-Winners,KXMLBNLMVP-26,174200.96,kalshi,
Rafael Devers,KXMLBNLMVP-26,4923.99,kalshi,
Manny Machado,KXMLBNLMVP-26,502.51,kalshi,
Christian Yelich,KXMLBNLMVP-26,6048.02,kalshi,
Ketel Marte,KXMLBNLMVP-26,6105.0,kalshi,
Oneil Cruz,KXMLBNLMVP-26,26053.88,kalshi,
Shohei Ohtani,KXMLBNLMVP-26,1242651.21,kalshi,
Yoshinobu Yamamoto,KXMLBNLMVP-26,5054.0,kalshi,
Masyn Winn,KXMLBNLMVP-26,1.0,kalshi,
Xander Bogaerts,KXMLBNLMVP-26,11.0,kalshi,
Teoscar Hernández,KXMLBNLMVP-26,167.0,kalshi,
Marcus Semien,KXMLBNLMVP-26,1.0,kalshi,
Nolan Arenado,KXMLBNLMVP-26,40.66,kalshi,
Nick Castellanos,KXMLBNLMVP-26,375.0,kalshi,
Matt Chapman,KXMLBNLMVP-26,1.0,kalshi,
Freddie Freeman,KXMLBNLMVP-26,4333.8,kalshi,
Matt Olson,KXMLBNLMVP-26,202889.97,kalshi,
Mookie Betts,KXMLBNLMVP-26,2872.86,kalshi,
Kyle Schwarber,KXMLBNLMVP-26,119584.83,kalshi,
Bryce Harper,KXMLBNLMVP-26,46491.5,kalshi,
Munetaka Murakami,KXMLBALMVP-26,15030.36,kalshi,
Yandy Diaz,KXMLBALMVP-26,25379.98,kalshi,
Trevor Story,KXMLBALMVP-26,244.0,kalshi,
Mike Trout,KXMLBALMVP-26,220949.08,kalshi,
Steven Kwan,KXMLBALMVP-26,989.0,kalshi,
Ben Rice,KXMLBALMVP-26,490275.63,kalshi,
Byron Buxton,KXMLBALMVP-26,132038.52,kalshi,
Tie/Co-Winners,KXMLBALMVP-26,4490.09,kalshi,
José Ramírez,KXMLBALMVP-26,202854.25,kalshi,
Jose Altuve,KXMLBALMVP-26,9410.0,kalshi,
George Springer,KXMLBALMVP-26,4.0,kalshi,
Hunter Brown,KXMLBALCY-26,40681.14,kalshi,
Kyle Bradish,KXMLBALCY-26,11985.0,kalshi,
Gerrit Cole,KXMLBALCY-26,69893.92,kalshi,
Max Fried,KXMLBALCY-26,55108.52,kalshi,
Jack Flaherty,KXMLBALCY-26,3219.0,kalshi,
Jacob Degrom,KXMLBALCY-26,133034.86,kalshi,
Nathan Eovaldi,KXMLBALCY-26,32764.6,kalshi,
Carlos Rodon,KXMLBALCY-26,390.0,kalshi,
Aroldis Chapman,KXMLBALCY-26,5.0,kalshi,
Bryan Woo,KXMLBALCY-26,115957.28,kalshi,
Luis Castillo,KXMLBALCY-26,2010.75,kalshi,
Yusei Kikuchi,KXMLBALCY-26,24.0,kalshi,
Pablo Lopez,KXMLBALCY-26,1.0,kalshi,
Michael Wacha,KXMLBALCY-26,7729.88,kalshi,
Parker Messick,KXMLBALCY-26,163041.32,kalshi,
Drew Rasmussen,KXMLBALCY-26,144278.93,kalshi,
Tie/Co-Winners,KXMLBALCY-26,1514.69,kalshi,
Sonny Gray,KXMLBALCY-26,276738.24,kalshi,
Kevin Gausman,KXMLBALCY-26,27790.32,kalshi,
Dylan Cease,KXMLBALCY-26,225099.93,kalshi,
Jose Soriano,KXMLBALCY-26,132746.36,kalshi,
Shohei Ohtani,KXMLBNLCY-26,499660.24,kalshi,
Tyler Glasnow,KXMLBNLCY-26,50218.58,kalshi,
Yoshinobu Yamamoto,KXMLBNLCY-26,203987.18,kalshi,
Zack Wheeler,KXMLBNLCY-26,246777.82,kalshi,
Eury Perez,KXMLBNLCY-26,7796.03,kalshi,
Cristopher Sanchez,KXMLBNLCY-26,336454.15,kalshi,
Sean Manaea,KXMLBNLCY-26,1.0,kalshi,
Aaron Nola,KXMLBNLCY-26,491.0,kalshi,
Blake Snell,KXMLBNLCY-26,987.72,kalshi,
Kodai Senga,KXMLBNLCY-26,11394.0,kalshi,
Chris Sale,KXMLBNLCY-26,185456.55,kalshi,
Matthew Boyd,KXMLBNLCY-26,1936.0,kalshi,
Tie/Co-Winners,KXMLBNLCY-26,2707.46,kalshi,
Merrill Kelly,KXMLBNLCY-26,1.0,kalshi,
Brandon Woodruff,KXMLBNLCY-26,2841.75,kalshi,
Sandy Alcantara,KXMLBNLCY-26,50426.87,kalshi,
Freddy Peralta,KXMLBNLCY-26,10237.0,kalshi,
Shota Imanaga,KXMLBNLCY-26,35414.72,kalshi,
Robbie Ray,KXMLBNLCY-26,4028.0,kalshi,
Edward Cabrera,KXMLBNLCY-26,16809.48,kalshi,
Parker Messick,KXMLBALROTY-26,214837.34,kalshi,
Walbert Ureña,KXMLBALROTY-26,37675.41,kalshi,
Spencer Jones Jr.,KXMLBALROTY-26,33577.86,kalshi,
Tie/Co-Winners,KXMLBALROTY-26,3780.4,kalshi,
Kazuma Okamoto,KXMLBALROTY-26,149859.56,kalshi,
Gage Jump,KXMLBALROTY-26,28663.81,kalshi,
Munetaka Murakami,KXMLBALROTY-26,354481.89,kalshi,
Connelly Early,KXMLBALROTY-26,19855.29,kalshi,
Tatsuya Imai,KXMLBALROTY-26,25579.0,kalshi,
Jhostnyxon Garcia,KXMLBNLROTY-26,8449.0,kalshi,
Tie/Co-Winners,KXMLBNLROTY-26,12983.98,kalshi,
T.J. Rumfield,KXMLBNLROTY-26,148908.49,kalshi,
Hunter Barco,KXMLBNLROTY-26,9440.0,kalshi,
